ra,dec,vlos,vlos_err,src,id,ruwe,parallax,parallax_err,pmra,pmra_err,pmdec,pmdec_err,x_pc,y_pc,r_pc,has_vlos,preprocess_mode
343.35425244546,-59.14835148748,,,gaia,6.491358011478665e+18,0.959,1.4096,1.2822,16.058,1.517,-7.598,2.329,154.01358083072938,-587.1808806817697,607.0433013538016,False,dwarf
343.3734617778,-59.14550048168,,,gaia,6.491358011478668e+18,1.019,-0.2837,0.4731,15.24,0.445,-17.422,0.483,164.15402045714745,-584.2948332659726,606.9159699773571,False,dwarf
343.35144878517,-59.14434391947,,,gaia,6.491358015773166e+18,,,,,,,,152.53355292552104,-583.1240557889901,602.7438504106732,False,dwarf
343.27702923962,-59.1460358959,,,gaia,6.491358118852381e+18,,,,,,,,113.24812148419677,-584.836828244018,595.7006401626763,False,dwarf
343.27743411686,-59.14668610401,,,gaia,6.491358118853758e+18,,,,,,,,113.4618526610898,-585.495028039896,596.3874746075118,False,dwarf
343.29536481955,-59.15032836032,,,gaia,6.49135815321226e+18,,,,,,,,122.92731480571086,-589.1820511989341,601.8692666853208,False,dwarf
343.28258152042,-59.13422209854,,,gaia,6.491358153213013e+18,,,,,,,,116.17912227304947,-572.8778279004833,584.5396429260483,False,dwarf
343.32374918274,-59.14003051445,,,gaia,6.491358183277365e+18,1.011,0.1462,0.1779,9.165,0.155,-8.773,0.192,137.91117349316477,-578.7576348538623,594.9620926377565,False,dwarf
343.33778280502,-59.13790806371,,,gaia,6.491358217637105e+18,0.912,-0.5705,0.6885,0.464,0.671,-4.423,0.743,145.31940075227052,-576.6090971436504,594.639200813245,False,dwarf
343.33322134487,-59.13312917934,,,gaia,6.491358217637108e+18,1.01,0.8546,0.2386,30.163,0.212,-12.947,0.255,142.91144557504327,-571.7714756675952,589.3609264817679,False,dwarf
343.32789333356,-59.12923725711,,,gaia,6.491358217637111e+18,0.998,0.1475,0.1397,9.235,0.128,-1.605,0.153,140.09883470121238,-567.831717953168,584.8594219111835,False,dwarf
343.29934884098,-59.1238040579,,,gaia,6.491358286356591e+18,1.01,-0.1302,0.3625,6.46,0.347,-9.691,0.391,125.0304451001786,-562.3317394755643,576.0638831098186,False,dwarf
343.30597018488,-59.12362823709,,,gaia,6.491358290651074e+18,,,,,,,,128.52579501009694,-562.1537576579381,576.6591083403757,False,dwarf
342.83850173697,-59.15549584424,,,gaia,6.491366738852209e+18,,,,,,,,-118.24673666305742,-594.4130484889167,606.0603624601675,False,dwarf
342.80435518167,-59.15118316955,,,gaia,6.491366773211949e+18,1.029,0.0407,0.1693,-2.289,0.144,-1.079,0.163,-136.27240649588518,-590.0473668602592,605.5791144936433,False,dwarf
342.79974723346,-59.14796833479,,,gaia,6.491366979370382e+18,,,,,,,,-138.70490231607073,-586.7930186750154,602.9635948316015,False,dwarf
342.79360512804,-59.14189135362,,,gaia,6.491366979370386e+18,0.94,0.8726,0.1455,-1.836,0.124,-3.209,0.141,-141.94726639661633,-580.6413455351143,597.7402434020148,False,dwarf
342.76339845453,-59.12167486948,,,gaia,6.491367082449616e+18,1.04,0.0854,0.387,-2.478,0.334,-7.485,0.417,-157.8931068673946,-560.1763812727536,582.0032743310607,False,dwarf
342.7696433704,-59.12236136746,,,gaia,6.491367086745484e+18,4.633,-0.9551,1.5769,-1.804,1.217,0.989,1.478,-154.59647004361412,-560.8713169761885,581.7875065318524,False,dwarf
343.00065053778,-59.16492131862,,,gaia,6.491368736012401e+18,0.96,0.2992,0.1609,6.329,0.141,-2.275,0.17,-32.649793676745084,-603.9543710555333,604.8362516782694,False,dwarf
343.10163378709,-59.15924410654,,,gaia,6.491368903515724e+18,1.068,1.7871,0.4135,28.261,0.363,-4.949,0.422,20.65838615920038,-598.2073805539918,598.5639807639373,False,dwarf
343.11218179168,-59.15114742159,,,gaia,6.491368942169825e+18,1.053,0.5192,0.3983,19.318,0.379,-2.396,0.399,26.22658612734725,-590.0111795232799,590.5937908430355,False,dwarf
343.10161227284,-59.14913051015,,,gaia,6.491369006594945e+18,0.991,0.2129,0.0831,2.8,0.074,-3.433,0.083,20.647028973542263,-587.969478293032,588.331885256625,False,dwarf
343.05835555298,-59.16817816946,,,gaia,6.491369040954672e+18,1.011,0.4074,0.1176,-2.91,0.109,-2.03,0.116,-2.1878175694641304,-607.2512517389761,607.2551928837419,False,dwarf
343.03316486646,-59.15894218399,,,gaia,6.491369045250045e+18,3.121,0.3107,1.1232,31.545,1.042,-34.021,1.024,-15.485762093668122,-597.9017470841419,598.1022554663131,False,dwarf
343.03300180543,-59.15895617217,,,gaia,6.491369045250562e+18,,,,,,,,-15.571840594526835,-597.9159071923963,598.1186456658976,False,dwarf
343.05098461554,-59.15736644727,,,gaia,6.491369075314417e+18,0.99,0.6821,0.1787,6.837,0.164,-15.686,0.172,-6.0788713956626905,-596.3066430374533,596.3376268591827,False,dwarf
343.00988999456,-59.15903160956,,,gaia,6.491369109674154e+18,,,,,,,,-27.77236472707436,-597.992271780802,598.6368359465513,False,dwarf
343.02000682946,-59.16575796173,,,gaia,6.491369113968654e+18,,,,,,,,-22.431775491722437,-604.8012973176826,605.217145980567,False,dwarf
343.01250155671,-59.16084006428,,,gaia,6.49136911396881e+18,,,,,,,,-26.393743760774402,-599.8229541565574,600.4033694465821,False,dwarf
343.0190151096,-59.14573710133,,,gaia,6.491369144033901e+18,,,,,,,,-22.955295788430032,-584.5343612000753,584.9849271804483,False,dwarf
343.01499666678,-59.14884132056,,,gaia,6.491369148328536e+18,,,,,,,,-25.076596835603358,-587.6767342835816,588.2115093459756,False,dwarf
343.01301649348,-59.13402775718,,,gaia,6.491369148329292e+18,0.994,1.5373,0.0902,12.665,0.081,-8.163,0.091,-26.12191311434303,-572.6810978974108,573.2765425462105,False,dwarf
343.04873437429,-59.13535179413,,,gaia,6.491369182688538e+18,,,,,,,,-7.266754198492395,-574.021408540752,574.0674029934901,False,dwarf
343.06453807297,-59.14924752358,,,gaia,6.491369182688996e+18,1.035,0.5531,0.0426,12.779,0.037,-4.061,0.041,1.0758810114047568,-588.0879299311514,588.0889140688315,False,dwarf
343.20966460916,-59.15836268398,,,gaia,6.491369521991014e+18,0.97,0.715,0.2081,9.057,0.174,-5.887,0.21,77.68691841654143,-597.3151244591302,602.3459265245217,False,dwarf
343.21034675203,-59.15641426907,,,gaia,6.491369521991014e+18,0.999,0.459,0.4071,0.499,0.347,-2.142,0.397,78.04701571026682,-595.3427616474074,600.4367914337365,False,dwarf
343.21582619635,-59.1481482896,,,gaia,6.491369560645115e+18,1.039,0.1693,0.3647,6.961,0.346,-7.926,0.359,80.9395667542219,-586.975185303499,592.5293930501997,False,dwarf
343.17962726351,-59.16355560328,,,gaia,6.491369595005202e+18,,,,,,,,61.83046465174446,-602.5718697545028,605.7358042731898,False,dwarf
343.17488248233,-59.14578472393,,,gaia,6.491369625070238e+18,0.982,0.0646,0.3875,5.623,0.385,-5.941,0.377,59.325735895735,-584.5825691278388,587.5851623957799,False,dwarf
343.18354080713,-59.15005782171,,,gaia,6.491369629364897e+18,,,,,,,,63.89639032276024,-588.9081874080335,592.3644164637965,False,dwarf
343.15784043454,-59.15837695114,,,gaia,6.491369659429968e+18,0.96,0.1685,0.7224,-4.49,0.691,-10.984,1.095,50.32938695101166,-597.3295669763186,599.4461266660924,False,dwarf
343.14392986126,-59.1566507962,,,gaia,6.49136966372447e+18,,,,,,,,42.98611618981362,-595.5821959243681,597.131441382194,False,dwarf
343.15308996372,-59.14914192249,,,gaia,6.491369693789711e+18,0.991,0.4785,0.1868,10.134,0.17,-1.818,0.198,47.821654683446695,-587.9810309017186,589.9225401329487,False,dwarf
343.18699894162,-59.14883050004,,,gaia,6.491369728149449e+18,1.022,0.2921,0.4346,1.086,0.422,-2.116,0.434,65.72190947123624,-587.6657807689294,591.3293830609982,False,dwarf
343.192950634,-59.14550145925,,,gaia,6.491369728149453e+18,,,,,,,,68.86375616252434,-584.2958228512467,588.3398894467612,False,dwarf
343.17728622019,-59.14325480428,,,gaia,6.491369732444869e+18,1.085,-0.2784,1.3915,4.271,1.332,-1.834,1.338,60.59464822520171,-582.021554321034,585.1673274267868,False,dwarf
343.17992839021,-59.12137045577,,,gaia,6.491369831228684e+18,0.961,0.3336,0.2118,4.863,0.187,-7.941,0.209,61.98942682012358,-559.8682260241387,563.2895521389541,False,dwarf
343.17120090149,-59.12113834505,,,gaia,6.491369831228685e+18,0.993,0.407,0.0782,12.959,0.069,3.347,0.074,57.38226136067402,-559.6332624391396,562.5674291559542,False,dwarf
343.17010083086,-59.12546704043,,,gaia,6.491369835523164e+18,1.06,1.4119,0.5553,7.727,0.582,-18.421,0.575,56.80154363397061,-564.0151616675597,566.8681662874405,False,dwarf
342.1649062084,-58.39870799223001,,,simbad,,,,,,,,,-473.8319631143709,171.67645739794767,503.9737446470083,False,dwarf
342.08888007006,-58.34149035306,,,simbad,,,,,,,,,-513.9655009293468,229.5973566345566,562.9169408706139,False,dwarf
342.0672940526596,-58.43946925518583,,,simbad,,,,,,,,,-525.360571947404,130.41419913863007,541.3054534122797,False,dwarf
342.24106098672,-58.262288044007775,,,simbad,,,,,,,,,-433.6305173717648,309.7731385868796,532.9116465100669,False,dwarf
342.33005595939994,-58.12268329028,,,simbad,,,,,,,,,-386.6508445989977,451.09376961803883,594.1249570732832,False,dwarf
342.2676533941317,-58.268778313823056,,,simbad,,,,,,,,,-419.59261656883785,303.2030970849484,517.6775849512787,False,dwarf
341.96553097753,-58.44196250742999,,,simbad,,,,,,,,,-579.0804150573272,127.89030241551069,593.0346166581653,False,dwarf
342.11714488551,-58.25050180342001,,,simbad,,,,,,,,,-499.04475045502477,321.70424345882554,593.7501858661884,False,dwarf
342.07359656385,-58.33893278371999,,,simbad,,,,,,,,,-522.0335310544505,232.1863609727668,571.3401034121041,False,dwarf
342.30281733732,-58.12023140091999,,,simbad,,,,,,,,,-401.0298765101422,453.575795067187,605.4386539729444,False,dwarf
342.1446245066271,-58.476142519061675,,,simbad,,,,,,,,,-484.53849724628793,93.29018541762713,493.4375482357886,False,dwarf
342.177799980645,-58.42055174812055,,,simbad,,,,,,,,,-467.0254527842539,149.5642206430161,490.38987514516464,False,dwarf
342.34172774970165,-58.221308570198886,,,simbad,,,,,,,,,-380.48940791854204,351.2562897214702,517.8350805102876,False,dwarf
342.1703911997104,-58.24761203867695,,,simbad,,,,,,,,,-470.9364838624023,324.6295262025454,571.983829417556,False,dwarf
342.1046128797316,-58.29862076984804,,,simbad,,,,,,,,,-505.6602874109874,272.99384844292393,574.6459497396988,False,dwarf
341.95022675292,-58.44197996074001,,,simbad,,,,,,,,,-587.1593822457919,127.87263458745812,600.9222502417409,False,dwarf
342.075,-58.264722222222225,,,simbad,,,,,,,,,-521.2926693057589,307.30904197037745,605.1321296615099,False,dwarf
342.0079166666667,-58.465833333333336,,,simbad,,,,,,,,,-556.7053780644953,103.72608099885517,566.2861271877616,False,dwarf
341.9504166666667,-58.465,,,simbad,,,,,,,,,-587.0591284291535,104.56965680399,596.2996171356322,False,dwarf
342.2591666666666,-58.35666666666667,,,simbad,,,,,,,,,-424.0726862538451,214.2345114709645,475.11479574072933,False,dwarf
342.05833333333334,-58.468333333333334,,,simbad,,,,,,,,,-530.090857817266,101.19535358346354,539.663614790109,False,dwarf
342.07916666666665,-58.33888888888889,,,simbad,,,,,,,,,-519.0931221779023,232.2307953137508,568.6728512813495,False,dwarf
342.06416666666667,-58.33722222222222,,,simbad,,,,,,,,,-527.0114918382292,233.9179469240076,576.5923329551814,False,dwarf
342.1228986791,-58.51010771656,,,simbad,,,,,,,,,-496.007372815393,58.907522826343154,499.4931532391254,False,dwarf
341.9254783,-58.48771060000001,,,simbad,,,,,,,,,-600.2238754952591,81.57992158798955,605.742506615518,False,dwarf
342.15791666666667,-58.32027777777778,,,simbad,,,,,,,,,-477.52168146109204,251.07065496167192,539.502947210033,False,dwarf
342.1634837377437,-58.57206110789806,,,simbad,,,,,,,,,-474.58287301355193,-3.8073355479384396,474.5981449202807,False,dwarf
342.08927848081623,-58.66464565319444,,,simbad,,,,,,,,,-513.7551833530281,-97.52983435719953,522.9306426399645,False,dwarf
342.0,-58.6,,,simbad,,,,,,,,,-560.8845176074741,-32.08962362717038,561.8017319627115,False,dwarf
342.03833333333336,-58.54055555555556,,,simbad,,,,,,,,,-540.6486840310264,28.085450472151496,541.377679695704,False,dwarf
342.00805502421,-58.767500533293614,,,simbad,,,,,,,,,-556.6323403195989,-201.64890030671856,592.0319596817242,False,dwarf
341.9434036,-58.53013390000001,,,simbad,,,,,,,,,-590.7612653837554,38.63519824342898,592.0232691551278,False,dwarf
342.1440068374229,-58.55851663155806,,,simbad,,,,,,,,,-484.8645594520374,9.903615492367734,484.96569220145767,False,dwarf
341.98920083879,-58.68475608773001,,,simbad,,,,,,,,,-566.5853009729562,-117.88744556303499,578.7195807124491,False,dwarf
343.2358333333333,-58.13972222222222,,,simbad,,,,,,,,,91.50116051947042,433.8454127399713,443.38956294879785,False,dwarf
343.0679166666667,-57.99722222222222,,,simbad,,,,,,,,,2.8594112662485616,578.0968754172937,578.1039470545306,False,dwarf
343.02960445055,-58.06552453449,,,simbad,,,,,,,,,-17.36527471500896,508.95506174101166,509.2512225196173,False,dwarf
343.4254644658133,-58.18080564970694,,,simbad,,,,,,,,,191.60578759188036,392.2570302384334,436.5528096464161,False,dwarf
343.54374999999993,-58.06666666666667,,,simbad,,,,,,,,,254.04769326922892,507.7988916564054,567.8027340748633,False,dwarf
343.59688724183,-58.13881478301,,,simbad,,,,,,,,,282.09838150533955,434.76400525683977,518.2656047963259,False,dwarf
343.41243333087,-58.15394407019,,,simbad,,,,,,,,,184.72676468686382,419.44876452013034,458.32438692386825,False,dwarf
343.29253168479784,-58.10105156733889,,,simbad,,,,,,,,,121.43172758801511,472.9913673337265,488.33031652482737,False,dwarf
343.28046835973,-58.10101991041001,,,simbad,,,,,,,,,115.06360310667975,473.0234133568514,486.81699060700237,False,dwarf
343.39591,-58.10217000000001,,,simbad,,,,,,,,,176.0042418969638,471.85918805462677,503.61551457167855,False,dwarf
343.2893240142825,-58.05534367694945,,,simbad,,,,,,,,,119.73842619542799,519.2610518570428,532.88772802856,False,dwarf
343.2694407662021,-58.0079348635639,,,simbad,,,,,,,,,109.24223230548492,567.2525653634475,577.6758072054756,False,dwarf
343.6370145549296,-58.10647703908333,,,simbad,,,,,,,,,303.28124141191483,467.49921129969294,557.2566948527286,False,dwarf
343.5016954133478,-58.048934044641385,,,simbad,,,,,,,,,231.84744240094224,525.7494647388783,574.6005014103931,False,dwarf
343.6227996029441,-58.10167356670361,,,simbad,,,,,,,,,295.7772917769126,472.3617229958652,557.3237871134762,False,dwarf
343.48913549551,-58.19121693594,,,simbad,,,,,,,,,225.2171709114114,381.7177792386346,443.2056374418255,False,dwarf
343.1247240784,-58.040318623770006,,,simbad,,,,,,,,,32.847550303013975,534.470777456617,535.4791998910786,False,dwarf
343.28999999999996,-58.12277777777778,,,simbad,,,,,,,,,120.09527318182171,450.99812077762283,466.7142376075147,False,dwarf
343.32875,-58.10416666666667,,,simbad,,,,,,,,,140.55106147105775,469.83798042553104,490.4103676830076,False,dwarf
343.543762,-58.066469,,,simbad,,,,,,,,,254.05402796500914,507.9989878373965,567.9845251140782,False,dwarf
343.24625000000003,-58.12888888888889,,,simbad,,,,,,,,,97.00002833920605,444.8118982066598,455.26545035179055,False,dwarf
343.22791282142794,-58.051843412466376,,,simbad,,,,,,,,,87.31999110841966,522.8043379724112,530.0463721694033,False,dwarf
343.5358333333333,-58.05166666666666,,,simbad,,,,,,,,,249.868553726304,522.983256148768,579.6082990720912,False,dwarf
343.6157916666666,-58.11152777777778,,,simbad,,,,,,,,,292.07786311016287,462.3863941468787,546.9100982896107,False,dwarf
343.7666666666667,-58.2,,,simbad,,,,,,,,,371.7234646104594,372.8267628355146,526.4770927860134,False,dwarf
343.5,-58.2,,,simbad,,,,,,,,,230.95244842661327,372.8267628355146,438.564508961517,False,dwarf
343.5895,-58.0851,,,simbad,,,,,,,,,278.19872073331464,489.13899484692536,562.7179439981572,False,dwarf
343.601074,-58.0741,,,simbad,,,,,,,,,284.3085347632144,500.2741954746459,575.4177730979554,False,dwarf
342.90967373205166,-58.01854867651361,,,simbad,,,,,,,,,-80.6756588950049,556.5082983979698,562.3255712876189,False,dwarf
342.90093613896,-57.98774944788,,,simbad,,,,,,,,,-85.28815836444646,587.6860793083742,593.8425698533641,False,dwarf
342.76348451283997,-58.01903878955001,,,simbad,,,,,,,,,-157.84767743334177,556.0121613988312,577.9839209653675,False,dwarf
343.54125,-59.05277777777778,,,simbad,,,,,,,,,252.72796499255256,-490.43247774812437,551.7204360175916,False,dwarf
343.21658333333335,-58.50602777777778,,,simbad,,,,,,,,,81.33925278873457,63.03760799806035,102.90682225366201,False,dwarf
343.1252083333334,-58.64994444444444,,,simbad,,,,,,,,,33.10318427451249,-82.64793354799637,89.03090322391633,False,dwarf
343.08673935654,-58.561653637480006,,,simbad,,,,,,,,,12.795745694178041,6.728052736796997,14.456756257860802,False,dwarf
343.13640081352,-58.60849327218,,,simbad,,,,,,,,,39.011597310102964,-40.68728632808893,56.368076013196735,False,dwarf
343.14522757902535,-58.56970764481974,,,simbad,,,,,,,,,43.671170121845485,-1.4249461345712255,43.69441121353621,False,dwarf
343.32735922884166,-58.610930245830545,,,simbad,,,,,,,,,139.81688546140379,-43.154212739299865,146.32514321631828,False,dwarf
343.09432123415127,-58.720384181292495,,,simbad,,,,,,,,,16.798153003864055,-153.95344281773137,154.8671705035438,False,dwarf
343.39266407549746,-58.643810255368614,,,simbad,,,,,,,,,174.29074655691485,-76.43834936182748,190.3157523394412,False,dwarf
343.4357481666229,-58.40657799123277,,,simbad,,,,,,,,,197.03446389097095,163.70972850378297,256.17075392711143,False,dwarf
343.1109516448612,-58.77828563545667,,,simbad,,,,,,,,,25.577202310825513,-212.5665617954553,214.0998282848214,False,dwarf
343.23140179826044,-58.354007008034436,,,simbad,,,,,,,,,89.16179166150013,216.92685987743454,234.53589837927342,False,dwarf
343.6479824703008,-58.68990550327304,,,simbad,,,,,,,,,309.0711086327482,-123.10015239823625,332.6839306488142,False,dwarf
343.578840990185,-58.74876763082,,,simbad,,,,,,,,,272.5719220714109,-182.68575236278826,328.13036558365224,False,dwarf
342.96959206511,-58.61137518883,,,simbad,,,,,,,,,-49.0452915225087,-43.604624518099214,65.62624398738879,False,dwarf
343.00262811088,-58.57229374849,,,simbad,,,,,,,,,-31.605850021012156,-4.042835517525489,31.86336885159006,False,dwarf
343.6051984171387,-58.775460511232495,,,simbad,,,,,,,,,286.48577873240566,-209.7067140650566,355.0366281665545,False,dwarf
343.1020056817,-58.37540797358,,,simbad,,,,,,,,,20.854706092311755,195.26285578862888,196.37337298352745,False,dwarf
343.47607113749996,-58.679624541666655,,,simbad,,,,,,,,,218.320609838167,-112.69282784069068,245.68997156343335,False,dwarf
343.2710416666667,-58.70802777777778,,,simbad,,,,,,,,,110.08733375003233,-141.4451671655903,179.2371511899606,False,dwarf
343.1700416666667,-58.69016666666666,,,simbad,,,,,,,,,56.77031137041547,-123.36452574228795,135.80012689505688,False,dwarf
343.35944492590954,-58.771694532681664,,,simbad,,,,,,,,,156.75464614095674,-205.894447999313,258.7750814968829,False,dwarf
343.3615954923,-58.77052337578001,,,simbad,,,,,,,,,157.88991145155344,-204.70889644781076,258.52457605237436,False,dwarf
343.2745706485799,-58.54228238252999,,,simbad,,,,,,,,,111.95025263759773,26.337399125812233,115.00659832520172,False,dwarf
342.93799946301,-58.58716504427001,,,simbad,,,,,,,,,-65.72275165319341,-19.09691389067003,68.44101259489813,False,dwarf
343.043,-58.58302777777778,,,simbad,,,,,,,,,-10.293880558446466,-14.908796396009283,18.117289723609918,False,dwarf
343.52268439541876,-58.67638963351778,,,simbad,,,,,,,,,242.9273436564119,-109.41815954523149,266.4320324852591,False,dwarf
343.13676356976,-58.696036678700004,,,simbad,,,,,,,,,39.20309317706211,-129.30668589486993,135.1188422528996,False,dwarf
342.9870833333334,-58.934999999999995,,,simbad,,,,,,,,,-39.8118030144766,-371.2070972896604,373.3358926455892,False,dwarf
343.32562335521,-58.50373501671001,,,simbad,,,,,,,,,138.90053285478965,65.35854931452123,153.50927657911492,False,dwarf
343.0289120665,-58.50593843318,,,simbad,,,,,,,,,-17.730778238654015,63.128050727265794,65.57081123161868,False,dwarf
343.3757045432499,-58.630676040699996,,,simbad,,,,,,,,,165.33795685006797,-63.142702505228684,176.98486052490125,False,dwarf
343.04156865014,-58.37473012525,,,simbad,,,,,,,,,-11.049477712087043,195.94903552951726,196.26032579881735,False,dwarf
343.1294418249,-58.52420944822,,,simbad,,,,,,,,,35.33800768642611,44.63246725976289,56.92830509456361,False,dwarf
343.41634634541,-58.61300330849,,,simbad,,,,,,,,,186.79241106112923,-45.25275534173767,192.19577699847892,False,dwarf
343.5729061054946,-58.78794904454416,,,simbad,,,,,,,,,269.43894801342043,-222.34874351700861,349.33695832272196,False,dwarf
343.01097635101,-58.601950094189995,,,simbad,,,,,,,,,-27.19888659682214,-34.06368635885215,43.590298926034464,False,dwarf
343.2848779932,-58.87904865457,,,simbad,,,,,,,,,117.39141029882367,-314.56805576656063,335.7585515228179,False,dwarf
343.51721771216,-59.06489308935,,,simbad,,,,,,,,,240.04152906582596,-502.69669820485285,557.0672365723195,False,dwarf
343.52430088128,-58.74895252939999,,,simbad,,,,,,,,,243.7806724964214,-182.87292352496996,304.7482935823874,False,dwarf
343.03356699824,-58.66786392739,,,simbad,,,,,,,,,-15.273480221248573,-100.78766425197739,101.9383758132245,False,dwarf
343.04291733922,-58.65963446509,,,simbad,,,,,,,,,-10.337516465915803,-92.45705390935655,93.03317184897408,False,dwarf
343.20227913338994,-58.68796456904,,,simbad,,,,,,,,,73.7881899322354,-121.13536220822496,141.83960289987243,False,dwarf
343.021895674,-58.686272513350005,,,simbad,,,,,,,,,-21.43467087178803,-119.42250951900712,121.33087362744581,False,dwarf
343.03636223179,-58.65263445608,,,simbad,,,,,,,,,-13.797900718858095,-85.37100802552101,86.47884756136055,False,dwarf
343.1149339275,-58.58054336339999,,,simbad,,,,,,,,,27.67941471256572,-12.393846165181799,30.327502726014075,False,dwarf
343.85840124513,-58.73006833321,,,simbad,,,,,,,,,420.1493514709825,-163.7566223187048,450.93426227635234,False,dwarf
343.01817045292,-58.6185500999,,,simbad,,,,,,,,,-23.401182710314867,-50.86772217723645,55.99232547181848,False,dwarf
343.89001217898,-58.53968158179,,,simbad,,,,,,,,,436.83648877316983,28.970166219684845,437.79605806181934,False,dwarf
343.24911228093,-58.60191341352002,,,simbad,,,,,,,,,98.51100157086044,-34.02655484800343,104.22199319394278,False,dwarf
343.27785934723,-58.521136395259994,,,simbad,,,,,,,,,113.68632807845081,47.74329100969421,123.30451341454416,False,dwarf
343.2407479687,-58.38562943026,,,simbad,,,,,,,,,94.09555382477278,184.91576753049975,207.4796720909895,False,dwarf
343.56708012984996,-58.3118500854,,,simbad,,,,,,,,,266.3634660943113,259.60193182124016,371.9444300901617,False,dwarf
343.31212100759,-58.63764956155,,,simbad,,,,,,,,,131.7727608722972,-70.20193466399238,149.30630307684626,False,dwarf
343.121,-58.618944444444445,,,simbad,,,,,,,,,30.881641675312537,-51.266913597129985,59.84957996793287,False,dwarf
343.1413333333333,-58.530499999999996,,,simbad,,,,,,,,,41.615431659335705,38.26459852072439,56.533385288208805,False,dwarf
343.1979246706442,-58.642075298787226,,,simbad,,,,,,,,,71.48950688606809,-74.68206848781645,103.38356227385513,False,dwarf
343.41139111255956,-58.80091642547639,,,simbad,,,,,,,,,184.17658669695086,-235.47550608941137,298.9477028769478,False,dwarf
343.17376605100253,-58.40083952106389,,,simbad,,,,,,,,,58.73638149895347,169.51873001530427,179.40613795963677,False,dwarf
343.1208672805399,-58.499702621610005,,,simbad,,,,,,,,,30.81158022558936,69.4405064462309,75.9693188827369,False,dwarf
342.99107363594,-58.68556114122999,,,simbad,,,,,,,,,-37.705356941418344,-118.70239394834314,124.5469882058471,False,dwarf
342.92291989461,-58.67120465125,,,simbad,,,,,,,,,-73.68312478049259,-104.16944883587753,127.59497226845636,False,dwarf
343.03076651296,-58.41721361078999,,,simbad,,,,,,,,,-16.75183206630277,152.94338690652776,153.85806275921146,False,dwarf
343.105375,-58.71008333333334,,,simbad,,,,,,,,,22.633339945803105,-143.52598748491775,145.29961170155636,False,dwarf
343.22879319099,-58.45143291427,,,simbad,,,,,,,,,87.78473055044881,118.30349512554372,147.3155656294828,False,dwarf
343.3077083333333,-58.42575,,,simbad,,,,,,,,,129.44334847529976,144.30207722563716,193.85218584305838,False,dwarf
343.0891498961199,-58.5187347316,,,simbad,,,,,,,,,14.068248592476568,50.174473436459536,52.10943679493862,False,dwarf
343.3972941101799,-58.529227052919985,,,simbad,,,,,,,,,176.7349016339626,39.553191350222505,181.10682041699522,False,dwarf
343.45875,-58.221944444444446,,,simbad,,,,,,,,,209.176931860674,350.6125999670799,408.2697442602386,False,dwarf
343.0700318198183,-58.42137973270139,,,simbad,,,,,,,,,3.9759822357755756,148.7260593317141,148.77919598882013,False,dwarf
343.1338822292104,-58.257659379340275,,,simbad,,,,,,,,,37.682058537823416,314.4586940151588,316.7083954955524,False,dwarf
343.2178204715429,-58.20788401751306,,,simbad,,,,,,,,,81.99232729966923,364.84584313002875,373.94549199753385,False,dwarf
343.17432750691086,-58.194889311035006,,,simbad,,,,,,,,,59.032769194304485,378.00026710562264,382.58210853445576,False,dwarf
343.4438444293662,-59.04766587306944,,,simbad,,,,,,,,,201.30841064223557,-485.25774279201795,525.3571672061847,False,dwarf
343.2010613203353,-58.91417616428361,,,simbad,,,,,,,,,73.14531700266231,-350.1273165132308,357.6861405872138,False,dwarf
343.0011655729283,-58.945024709543596,,,simbad,,,,,,,,,-32.37791109725233,-381.35502019899235,382.72703139182033,False,dwarf
343.8301486843617,-58.54602191051584,,,simbad,,,,,,,,,405.2350701366809,22.551908728052794,405.86210793317366,False,dwarf
343.6393318454695,-58.35699873394138,,,simbad,,,,,,,,,304.50451895226036,213.89836276861595,372.122979211768,False,dwarf
343.3004361927604,-58.36640331996695,,,simbad,,,,,,,,,125.60444865673522,204.37818529449015,239.88939148414084,False,dwarf
343.40339498002874,-58.372787082486944,,,simbad,,,,,,,,,179.95549781480648,197.91596016541124,267.4971186423724,False,dwarf
343.26183225829743,-58.21736016199778,,,simbad,,,,,,,,,105.22576709529983,355.2532276741456,370.50953811432794,False,dwarf
343.25413373794834,-58.2165456917939,,,simbad,,,,,,,,,101.16178509785364,356.0777085037485,370.16893610548254,False,dwarf
343.30573837966665,-58.1851966587061,,,simbad,,,,,,,,,128.40342705218782,387.8120514962715,408.5163734350109,False,dwarf
343.8093437856579,-58.35102130632861,,,simbad,,,,,,,,,394.2523448911921,219.94925874188232,451.4560752424392,False,dwarf
343.71157848685624,-58.31941980927001,,,simbad,,,,,,,,,342.6428931668235,251.93916873133614,425.2969515277154,False,dwarf
343.51622164565083,-58.24832592340945,,,simbad,,,,,,,,,239.51571421075906,323.90686713694674,402.8441831929086,False,dwarf
343.3846930935517,-58.207870801706115,,,simbad,,,,,,,,,170.0829344500707,364.85922137201055,402.5549105542458,False,dwarf
343.65272300096,-58.616123502840004,,,simbad,,,,,,,,,311.5735935758113,-48.411299894899344,315.3121598848651,False,dwarf
342.96853425018,-58.569524314169996,,,simbad,,,,,,,,,-49.60370283237131,-1.239362174021874,49.61918331936347,False,dwarf
343.28792260799,-58.62040931994,,,simbad,,,,,,,,,118.99863599088776,-52.74979382783229,130.1661097082133,False,dwarf
343.24702314804,-58.40272559485,,,simbad,,,,,,,,,97.40816647136614,167.60947456012022,193.8589354598672,False,dwarf
343.09583291767,-58.46419697481,,,simbad,,,,,,,,,17.596157597926,105.38255194942359,106.8415041900104,False,dwarf
343.18095833333336,-58.48072222222222,,,simbad,,,,,,,,,62.533124845438024,88.65419328053115,108.48943584126941,False,dwarf
343.303625,-58.41011111111111,,,simbad,,,,,,,,,127.28779228999542,160.1331831685928,204.56006066133025,False,dwarf
343.40019185484994,-58.45447483654,,,simbad,,,,,,,,,178.26459586586006,115.22418469187468,212.2613456970573,False,dwarf
343.415875,-58.49680555555556,,,simbad,,,,,,,,,186.5435919148709,72.37318024149842,200.0909515764526,False,dwarf
342.78625000000005,-58.89943888888889,,,simbad,,,,,,,,,-145.8299745778976,-335.2089057653833,365.55627745918395,False,dwarf
343.4554083333333,-58.77153055555555,,,simbad,,,,,,,,,207.41289506409854,-205.72845543589358,292.1374786207843,False,dwarf
343.42937500000005,-58.57330555555556,,,simbad,,,,,,,,,193.67012460920273,-5.067078669487746,193.7363993997692,False,dwarf
343.0304242182,-58.522782416880005,,,simbad,,,,,,,,,-16.93252649579878,46.07703819366371,49.08975353606159,False,dwarf
342.92732370954,-58.69216750385001,,,simbad,,,,,,,,,-71.35838914503695,-125.38995514773976,144.27286838947478,False,dwarf
343.01090417830994,-58.45363886949,,,simbad,,,,,,,,,-27.23698593806248,116.07042658459265,119.22330867124737,False,dwarf
343.3925,-58.49186111111111,,,simbad,,,,,,,,,174.2041325274874,77.37839668527525,190.61609602349483,False,dwarf
343.41407291291995,-58.51682910673001,,,simbad,,,,,,,,,185.5922858041929,52.103520277235745,192.76740745080724,False,dwarf
343.775,-58.666666666666664,,,simbad,,,,,,,,,376.1225588661727,-99.5756880376093,389.0803219596191,False,dwarf
342.9680833333333,-58.61569444444445,,,simbad,,,,,,,,,-49.84173791760928,-47.976967957132466,69.18083761423655,False,dwarf
342.959570276,-58.62784418654001,,,simbad,,,,,,,,,-54.33570691125196,-60.27604212159466,81.15152678409524,False,dwarf
343.38524357429,-58.61199284605001,,,simbad,,,,,,,,,170.3735284485117,-44.22987334209427,176.02108081662698,False,dwarf
343.4762811375,-58.67966454166666,,,simbad,,,,,,,,,218.4314670134203,-112.73331947934251,245.80705258894918,False,dwarf
343.2209166666667,-58.36411111111111,,,simbad,,,,,,,,,83.62678180174953,206.69856761180893,222.97474405701416,False,dwarf
342.9416113405699,-58.56446066747999,,,simbad,,,,,,,,,-63.81607287403544,3.886521626077055,63.93431165981352,False,dwarf
343.31633445562,-58.53129553586,,,simbad,,,,,,,,,133.99700347536088,37.459284756399036,139.13444920233403,False,dwarf
343.11270977346,-58.69541623874001,,,simbad,,,,,,,,,26.505303121213124,-128.67862012832632,131.38005317276097,False,dwarf
343.42670998336,-58.62589476845,,,simbad,,,,,,,,,192.26328548208858,-58.30266379982163,200.90886379282057,False,dwarf
343.02095266617,-58.63867973314,,,simbad,,,,,,,,,-21.932476511159738,-71.2447680581385,74.54428550580202,False,dwarf
343.04095337601,-58.596709821009995,,,simbad,,,,,,,,,-11.374275578999116,-28.759005158546014,30.926598950681466,False,dwarf
343.45057190364,-58.616619625140004,,,simbad,,,,,,,,,204.85978585425534,-48.913520017299206,210.6182905180224,False,dwarf
343.024125,-58.50336111111111,,,simbad,,,,,,,,,-20.257829047683543,65.73705057448409,68.78764028484659,False,dwarf
343.13063168412,-58.33300320383999,,,simbad,,,,,,,,,35.96612402956575,238.18882111839335,240.8889299728821,False,dwarf
343.40996746089,-58.61405568548,,,simbad,,,,,,,,,183.42505335114615,-46.318067061706714,189.18275167996572,False,dwarf
343.3654166666667,-58.45069444444445,,,simbad,,,,,,,,,159.90707619635202,119.05104145872735,199.35752679563808,False,dwarf
343.38829799999996,-59.03391599999999,,,simbad,,,,,,,,,171.9859332399574,-471.3388704980126,501.7364767233507,False,dwarf
342.6983333333333,-58.92194444444444,,,simbad,,,,,,,,,-192.2404189760516,-357.9910763426124,406.34220729457826,False,dwarf
342.8954166666667,-58.96555555555556,,,simbad,,,,,,,,,-88.20183982767202,-402.1382101444626,411.69734588308717,False,dwarf
343.01208333333335,-58.99472222222222,,,simbad,,,,,,,,,-26.614520247229276,-431.6633633240272,432.4830539156434,False,dwarf
343.14875000000006,-58.17166666666667,,,simbad,,,,,,,,,45.53062554700059,401.5083402099573,404.08165650132645,False,dwarf
343.14374999999995,-58.20888888888889,,,simbad,,,,,,,,,42.891168993486644,363.82862091412795,366.3480828036419,False,dwarf
343.42375,-58.636944444444445,,,simbad,,,,,,,,,190.70073598653312,-69.4881509879548,202.9664352387611,False,dwarf
343.45666666666665,-58.63027777777778,,,simbad,,,,,,,,,208.07715829673225,-62.73954454691477,217.33005833247657,False,dwarf
343.6120833333333,-58.858333333333334,,,simbad,,,,,,,,,290.12026616638417,-293.598123217655,412.7585575095723,False,dwarf
343.71583333333336,-58.34527777777778,,,simbad,,,,,,,,,344.8889896504149,225.7633808077557,412.2105278808775,False,dwarf
342.99625000000003,-58.89555555555555,,,simbad,,,,,,,,,-34.97279933315974,-331.27784251348436,333.1187560519317,False,dwarf
343.2741666666667,-58.2425,,,simbad,,,,,,,,,111.73699409594497,329.8043967738571,348.2184601381222,False,dwarf
343.69291666666663,-58.434999999999995,,,simbad,,,,,,,,,332.7914804470825,134.9383857887023,359.10797459458007,False,dwarf
343.71418610296,-58.307650802,,,simbad,,,,,,,,,344.01943104961987,263.8528284713968,433.55240056083244,False,dwarf
343.27792365965,-58.39652097038,,,simbad,,,,,,,,,113.72027804615551,173.89035985948988,207.77429795563697,False,dwarf
343.06658116211,-58.77455177314,,,simbad,,,,,,,,,2.154410015411377,-208.78680670341777,208.7979217710867,False,dwarf
343.2684,-58.196930555555554,,,simbad,,,,,,,,,108.69282087094989,375.93393371775096,391.3316391877697,False,dwarf
343.75453394584,-58.342569555095,,,simbad,,,,,,,,,365.31870671105287,228.5048901638729,430.8970205302421,False,dwarf
343.5130313700387,-58.98863584875278,,,simbad,,,,,,,,,237.83159543639837,-425.5021824442453,487.4586906114594,False,dwarf
343.32383333333337,-58.53411111111111,,,simbad,,,,,,,,,137.9555958601767,34.60910336516587,142.2305750001635,False,dwarf
343.2658333333333,-58.86861111111112,,,simbad,,,,,,,,,107.33789984017795,-304.0022248142664,322.3953743993915,False,dwarf
343.1279166666667,-58.85472222222222,,,simbad,,,,,,,,,34.532889907609906,-289.9426280620836,291.9918629909383,False,dwarf
343.3854166666667,-58.219166666666666,,,simbad,,,,,,,,,170.46490241013916,353.4245193175165,392.3865107372014,False,dwarf
343.33375,-58.28666666666666,,,simbad,,,,,,,,,143.19051802451796,285.09487910194275,319.0338767941128,False,dwarf
343.43625,-59.0775,,,simbad,,,,,,,,,197.29937737015678,-515.4585599669956,551.9280490733374,False,dwarf
343.53791666666666,-58.24777777777778,,,simbad,,,,,,,,,250.96832729024578,324.4617500080289,410.19571977427626,False,dwarf
343.79474383479584,-58.28567325890694,,,simbad,,,,,,,,,386.54515769460846,286.1004968028231,480.90607524543907,False,dwarf
343.27958333333333,-58.459027777777784,,,simbad,,,,,,,,,114.59640536216666,110.61528340741766,159.27359180113115,False,dwarf
343.08495833333336,-58.569361111111114,,,simbad,,,,,,,,,11.855559019254503,-1.0741531918649905,11.904120494123896,False,dwarf
343.09325,-58.55147222222222,,,simbad,,,,,,,,,16.232657803705074,17.034607424934123,23.53034274067864,False,dwarf
343.1659166666667,-58.46011111111111,,,simbad,,,,,,,,,54.59275971382154,109.51863486076041,122.37115998034677,False,dwarf
343.97417916666666,-58.35778055555556,,,simbad,,,,,,,,,481.2675102198701,213.10693181143893,526.339225955389,False,dwarf
343.09004166666665,-58.67111111111111,,,simbad,,,,,,,,,14.539006515240148,-104.07475899830266,105.0853851446764,False,dwarf
343.3921974678,-58.63621545318,,,simbad,,,,,,,,,174.04442840790395,-68.7501997165465,187.13111184647792,False,dwarf
342.939,-58.45755555555556,,,simbad,,,,,,,,,-65.1945768701341,112.10560066315844,129.68422630884365,False,dwarf
343.06382444929,-58.50048615923999,,,simbad,,,,,,,,,0.6991652716303828,68.64733838174963,68.65089874849048,False,dwarf
342.8154166666667,-58.7875,,,simbad,,,,,,,,,-130.43314468282048,-221.89417978155478,257.39042766345943,False,dwarf
343.56791666666663,-58.426944444444445,,,simbad,,,,,,,,,266.8050666109264,143.0929519049542,302.75491152768177,False,dwarf
343.0,-59.0,,,simbad,,,,,,,,,-32.99320691809145,-437.0060100898554,438.2497057128445,False,dwarf
343.49585441904,-58.21376866462,,,simbad,,,,,,,,,228.7640322600462,358.888868024656,425.59863962176195,False,dwarf
343.10333333333335,-58.9175,,,simbad,,,,,,,,,21.555561853177792,-353.49200538191906,354.14861303658506,False,dwarf
343.49458333333337,-58.97027777777778,,,simbad,,,,,,,,,228.0930371603916,-406.9184730402009,466.4858811394194,False,dwarf
343.11041666666665,-58.84305555555556,,,simbad,,,,,,,,,25.29479197052603,-278.13256679026034,279.2804168039192,False,dwarf
343.69666666666666,-58.43555555555555,,,simbad,,,,,,,,,334.7710728621776,134.37600191861242,360.73339340422086,False,dwarf
343.4058424064,-58.60545177776,,,simbad,,,,,,,,,181.2474729297409,-37.60840900310658,185.10818153491246,False,dwarf
342.68795891542,-58.93904291178001,,,simbad,,,,,,,,,-197.71698404596188,-375.2997003615306,424.19555734553114,False,dwarf
342.90430531920583,-58.89379332423055,,,simbad,,,,,,,,,-83.50959738850848,-329.4939516629016,339.91192541366553,False,dwarf
343.19746927095923,-58.76782595478389,,,simbad,,,,,,,,,71.24910534947553,-201.97832154151652,214.17674333556596,False,dwarf
344.02310578163997,-58.39652905052,,,simbad,,,,,,,,,507.0954451257206,173.8821804067654,536.0791015608271,False,dwarf
343.4936309282175,-58.34671045847112,,,simbad,,,,,,,,,227.5902707754791,224.31309108449594,319.5523340292436,False,dwarf
343.9081342,-58.3297081,,,simbad,,,,,,,,,446.40294620178986,241.5244249681705,507.5525965196548,False,dwarf
342.9796,-58.5689,,,simbad,,,,,,,,,-43.76218965612959,-0.607374579687292,43.766404323169,False,dwarf
343.49419529429997,-58.57456351908999,,,simbad,,,,,,,,,227.88819472644985,-6.340503791147256,227.97638317160371,False,dwarf
342.95887500000003,-58.72836111111111,,,simbad,,,,,,,,,-54.702737070161994,-162.0284168107875,171.01344186109336,False,dwarf
343.5353192772375,-58.24418005989888,,,simbad,,,,,,,,,249.59718798011298,328.10368731561954,412.2508773522328,False,dwarf
343.07208210666994,-58.36231970578,,,simbad,,,,,,,,,5.058310849153214,208.5119910452118,208.57333702629668,False,dwarf
343.115,-58.88611111111111,,,simbad,,,,,,,,,27.71429381119789,-321.71731672200775,322.90883227354135,False,dwarf
343.4201666666667,-58.59686111111112,,,simbad,,,,,,,,,188.8091254565963,-28.912154761185693,191.0099435857188,False,dwarf
343.18462916666664,-58.19718888888888,,,simbad,,,,,,,,,64.47092586506149,375.67242521816536,381.1643626458228,False,dwarf
343.0669166666667,-58.677055555555555,,,simbad,,,,,,,,,2.331519955567265,-110.09226640823356,110.11695195656607,False,dwarf
343.27284068394,-58.66393373783999,,,simbad,,,,,,,,,111.03701933640168,-96.80916887521995,147.3133898918333,False,dwarf
342.75233721148,-58.91564363943001,,,simbad,,,,,,,,,-163.73224095891058,-351.61282834698727,387.8657342271868,False,dwarf
343.8172699393,-58.70249710011001,,,simbad,,,,,,,,,398.43649252602177,-135.8465121257848,420.9583274306135,False,dwarf
343.1960833333334,-58.727666666666664,,,simbad,,,,,,,,,70.51748091960681,-161.32543697317513,176.06422615009845,False,dwarf
343.47616017583,-58.6796335731,,,simbad,,,,,,,,,218.36761239890848,-112.70197027907525,245.7359319464402,False,dwarf
343.0504166666667,-58.91916666666666,,,simbad,,,,,,,,,-6.378686670808448,-355.1791569921758,355.23643000868736,False,dwarf
342.7220833333333,-58.91916666666666,,,simbad,,,,,,,,,-179.70300034719617,-355.1791569921758,398.0520090333135,False,dwarf
343.51402582214,-59.041268439019994,,,simbad,,,,,,,,,238.3565580596013,-478.7816780971794,534.8324448381672,False,dwarf
343.20197083267,-58.51445006238,,,simbad,,,,,,,,,73.625440661113,54.511805380829784,91.60918315551413,False,dwarf
343.67181495965286,-58.22988540077833,,,simbad,,,,,,,,,321.652072673813,342.57404160764304,469.9117255812575,False,dwarf
343.8215684561454,-58.619832941636396,,,simbad,,,,,,,,,400.7056422175738,-52.1663312780003,404.08704238567753,False,dwarf
343.58523147059657,-58.232893194095,,,simbad,,,,,,,,,275.945401151806,339.5292796051166,437.5225664191512,False,dwarf
343.7105116796825,-58.61817193996361,,,simbad,,,,,,,,,342.07973492963146,-50.484914289870005,345.7850078016432,False,dwarf
343.1700416666667,-58.637638888888894,,,simbad,,,,,,,,,56.77031137041547,-70.19113082556716,90.27548448867947,False,dwarf
343.378625,-58.57033333333334,,,simbad,,,,,,,,,166.87964059168365,-2.0583249645222956,166.8923339931139,False,dwarf
343.890625,-58.54080555555556,,,simbad,,,,,,,,,437.1599916646445,27.83237773060332,438.04508850387884,False,dwarf
342.8564166666667,-58.413999999999994,,,simbad,,,,,,,,,-108.78960094456495,156.19649607798937,190.34842437151676,False,dwarf
342.88213571814,-58.39182577681999,,,simbad,,,,,,,,,-95.21273715262345,178.64326188464608,202.43240929475894,False,dwarf
342.79402044854,-58.38954716936999,,,simbad,,,,,,,,,-141.728022313513,180.9498756217023,229.84710090929832,False,dwarf
342.92947618260996,-58.54272518567,,,simbad,,,,,,,,,-70.22211731493721,25.88915350739507,74.84246140742746,False,dwarf
342.78467966732,-58.55228162812001,,,simbad,,,,,,,,,-146.6589395545955,16.215253146661723,147.55263124014027,False,dwarf
342.75389726079,-58.537278581859994,,,simbad,,,,,,,,,-162.90870448391073,31.402701340499384,165.90773233368827,False,dwarf
342.8460389363421,-58.66332850689694,,,simbad,,,,,,,,,-114.26791460757401,-96.19649905912908,149.36841279198507,False,dwarf
342.92770243269666,-58.485206152651664,,,simbad,,,,,,,,,-71.15846448149507,84.11515101392864,110.17661139035006,False,dwarf
342.3931422075704,-58.573724561590836,,,simbad,,,,,,,,,-353.34816236581037,-5.491234693757452,353.3908282705665,False,dwarf
342.68894886397237,-58.772447482143605,,,simbad,,,,,,,,,-197.1943988071408,-206.65665193760807,285.64418900263206,False,dwarf
342.82249090946044,-58.734056149525,,,simbad,,,,,,,,,-126.69871338228995,-167.79345274908053,210.2550992441933,False,dwarf
342.32054397042793,-58.54730447938999,,,simbad,,,,,,,,,-391.6721409246778,21.253575843271033,392.2483657870946,False,dwarf
342.2388587168475,-58.57743534939167,,,simbad,,,,,,,,,-434.79307650125696,-9.247631661871036,434.8914095090653,False,dwarf
342.76157859585874,-58.29220526579111,,,simbad,,,,,,,,,-158.85379444662178,279.48820524310224,321.4781250413471,False,dwarf
342.5247169164458,-58.74397870641528,,,simbad,,,,,,,,,-283.8910168439907,-177.83796745028147,334.99321203803873,False,dwarf
342.78308333333337,-58.54233333333333,,,simbad,,,,,,,,,-147.5016303950998,26.285822087869004,149.8254831864317,False,dwarf
342.46198706672834,-58.14612424115695,,,simbad,,,,,,,,,-317.0055594306945,427.3647068071811,532.1025440028975,False,dwarf
342.5641666666666,-58.323888888888895,,,simbad,,,,,,,,,-263.06583649357816,247.41515980610052,361.1341795398827,False,dwarf
342.7961845190699,-58.37576089917,,,simbad,,,,,,,,,-140.58562828505913,194.90559240215566,240.3175166939357,False,dwarf
342.90062488741,-58.20741061045,,,simbad,,,,,,,,,-85.452465353131,365.3250688232812,375.1859935360903,False,dwarf
342.71517393734,-58.57573662115001,,,simbad,,,,,,,,,-183.35041045415662,-7.528024408877343,183.50488866841766,False,dwarf
342.47576728639996,-58.09365306447,,,simbad,,,,,,,,,-309.7311012066747,480.4808049509894,571.6600029572212,False,dwarf
342.81018268091,-58.38555238517999,,,simbad,,,,,,,,,-133.19612028405248,184.99375956898146,227.955911391194,False,dwarf
342.60744115294153,-58.07525587678777,,,simbad,,,,,,,,,-240.22161121450037,499.1041118443955,553.905530713021,False,dwarf
342.63905659051,-58.55880714896999,,,simbad,,,,,,,,,-223.53209643844795,9.609527340752155,223.73855535843674,False,dwarf
342.2729469708984,-58.141085256695824,,,simbad,,,,,,,,,-416.7981833912244,432.4656252557784,600.6223794582551,False,dwarf
342.53965715257,-58.61945171116,,,simbad,,,,,,,,,-276.00419601439535,-51.78041511072307,280.81938609467755,False,dwarf
342.81377010861,-58.40200839348,,,simbad,,,,,,,,,-131.3023483734761,168.33549102788493,213.48804235363818,False,dwarf
342.76718196051,-58.57903007047,,,simbad,,,,,,,,,-155.89582693657704,-10.861953403001667,156.27376903360383,False,dwarf
342.783875,-58.6205,,,simbad,,,,,,,,,-147.08371644081265,-52.84158843337394,156.2877253983929,False,dwarf
342.31683154472375,-58.75632911962584,,,simbad,,,,,,,,,-393.631898195498,-190.34017917163038,437.23615482263045,False,dwarf
342.80150000000003,-58.45158333333334,,,simbad,,,,,,,,,-137.77963208991378,118.15122726658612,181.5018995036484,False,dwarf
342.78884301427,-58.50340622889,,,simbad,,,,,,,,,-144.46114487629657,65.69137825449944,158.6958712630737,False,dwarf
342.97005286644,-58.39714309718998,,,simbad,,,,,,,,,-48.802038504446905,173.26058650994457,180.0024160947833,False,dwarf
342.90925000000004,-58.35830555555556,,,simbad,,,,,,,,,-80.89934336313101,212.5754790542045,227.4489790078432,False,dwarf
342.65572974624,-58.41137764462,,,simbad,,,,,,,,,-214.73048240682007,158.85108273920423,267.1008172246636,False,dwarf
342.75618282433,-58.73325642515999,,,simbad,,,,,,,,,-161.7021753511198,-166.9838989989656,232.44615728848055,False,dwarf
342.88725968031,-58.4750794037,,,simbad,,,,,,,,,-92.50784204676286,94.36636749423278,132.1465555896385,False,dwarf
342.7592749093,-58.46511225166,,,simbad,,,,,,,,,-160.06989056352668,104.45602546263588,191.13720496143665,False,dwarf
342.69586681313,-58.44689998945001,,,simbad,,,,,,,,,-193.54247355901902,122.89213397109,229.2622203140149,False,dwarf
342.71104828844,-58.43004739727999,,,simbad,,,,,,,,,-185.52830465943418,139.95186078111965,232.39465390989898,False,dwarf
342.23687032567,-58.49029004953,,,simbad,,,,,,,,,-435.8427309261173,78.96876813111308,442.938994040129,False,dwarf
342.20452143693996,-58.274510719400006,,,simbad,,,,,,,,,-452.91942819716803,297.40023470505815,541.8329152433187,False,dwarf
342.92933127141,-58.35420357584999,,,simbad,,,,,,,,,-70.29861467822298,216.72787605350717,227.8439542413659,False,dwarf
342.86571088486,-58.34832443024999,,,simbad,,,,,,,,,-103.88326392065218,222.67928203311405,245.71893530941205,False,dwarf
342.90035146946,-58.321888896289984,,,simbad,,,,,,,,,-85.5968003131007,249.43973424635502,263.7176392369935,False,dwarf
342.39451882493,-58.12942624776001,,,simbad,,,,,,,,,-352.62145802353183,444.2679346758429,567.2000444638386,False,dwarf
342.60254104603,-58.49793542431,,,simbad,,,,,,,,,-242.80833507453406,71.22942430843705,253.0405470848073,False,dwarf
342.78401411093,-58.57845604170001,,,simbad,,,,,,,,,-147.0102809896561,-10.28086926482441,147.36932852360445,False,dwarf
342.53716096642,-58.499762168340006,,,simbad,,,,,,,,,-277.32191099283006,69.38022782938714,285.8689530718102,False,dwarf
342.85539315226,-58.54743504438,,,simbad,,,,,,,,,-109.32990530621667,21.121406083386418,111.35143460775716,False,dwarf
342.72087357074,-58.610956204530005,,,simbad,,,,,,,,,-180.34162350818175,-43.18049049625161,185.439089539028,False,dwarf
342.84779579147,-58.5437118283,,,simbad,,,,,,,,,-113.34048605143005,24.89038408622335,116.04135899899713,False,dwarf
342.96674303822994,-58.36015368172999,,,simbad,,,,,,,,,-50.549268056437924,210.70463762351332,216.68334688456721,False,dwarf
342.8319583333334,-58.50980555555556,,,simbad,,,,,,,,,-121.70094258515518,59.213397681469715,135.34158965779557,False,dwarf
342.67112889315996,-58.51899878553,,,simbad,,,,,,,,,-206.60140655575088,49.90717402853484,212.54380068665643,False,dwarf
342.3831305572166,-58.76779266862165,,,simbad,,,,,,,,,-358.63322559325957,-201.9446262601927,411.5816110746382,False,dwarf
342.60309343655,-58.75268703948917,,,simbad,,,,,,,,,-242.51673291891936,-186.6533343512611,306.02913745280875,False,dwarf
342.5670507534783,-58.58371084474444,,,simbad,,,,,,,,,-261.5433521263852,-15.600258915637877,262.00819284850854,False,dwarf
342.67135863989455,-58.56491437523112,,,simbad,,,,,,,,,-206.48012525088976,3.427237368341718,206.50856660100587,False,dwarf
342.7621926863825,-58.52972224064333,,,simbad,,,,,,,,,-158.5296213951511,39.051917291328394,163.26877565480396,False,dwarf
342.17803280464915,-58.57213907478666,,,simbad,,,,,,,,,-466.9025470155354,-3.8862607249372516,466.9187203700623,False,dwarf
342.78501394176374,-58.15559728166111,,,simbad,,,,,,,,,-146.4824789803808,417.7752334827809,442.71126296925155,False,dwarf
342.97899055746626,-58.13149135198418,,,simbad,,,,,,,,,-44.08390907407073,442.1774483255474,444.36953861278914,False,dwarf
342.6823403257025,-58.18448647422665,,,simbad,,,,,,,,,-200.68298873613668,388.53096482911775,437.29849370780306,False,dwarf
342.55128300895376,-58.11872653433695,,,simbad,,,,,,,,,-269.8670074500779,455.09915791447276,529.0968202933396,False,dwarf
342.68775,-58.63391666666667,,,simbad,,,,,,,,,-197.82726868083807,-66.42315889598294,208.68077120674414,False,dwarf
342.88158333333337,-58.61866666666667,,,simbad,,,,,,,,,-95.50433629218617,-50.985721662097916,108.26182182106446,False,dwarf
342.73698673776,-58.634922980549995,,,simbad,,,,,,,,,-171.8356226506596,-67.44184134919263,184.5965416152468,False,dwarf
342.84520375406,-58.42551602673,,,simbad,,,,,,,,,-114.70880007715594,144.53892625318466,184.52536415778857,False,dwarf
342.59283253426,-58.49967610205001,,,simbad,,,,,,,,,-247.9333740776378,69.46735195723974,257.4813992689043,False,dwarf
342.82250000000005,-58.335305555555564,,,simbad,,,,,,,,,-126.69391456541852,235.85817127581254,267.732002094408,False,dwarf
342.80252083333335,-58.21583055555556,,,simbad,,,,,,,,,-137.2407430435877,356.8016344573759,382.2857934878184,False,dwarf
342.32250833333336,-58.79875,,,simbad,,,,,,,,,-390.6351708158814,-233.28245315081065,454.9907027911812,False,dwarf
342.87745089209994,-58.53189887693,,,simbad,,,,,,,,,-97.6858161112686,36.84852804172145,104.4046583642996,False,dwarf
342.98141666666675,-58.320527777777784,,,simbad,,,,,,,,,-42.80318710835519,250.81758222012374,254.44365265689257,False,dwarf
342.6827158561,-58.39826424284001,,,simbad,,,,,,,,,-200.48474950241075,172.12566089668258,264.23735148945946,False,dwarf
342.67406042999,-58.3891014084,,,simbad,,,,,,,,,-205.05387373619573,181.4011154246864,273.7762878913002,False,dwarf
342.75397962319,-58.50124924838,,,simbad,,,,,,,,,-162.86522608862228,67.87487013894689,176.44285155618223,False,dwarf
342.7147948343,-58.39331074715,,,simbad,,,,,,,,,-183.55053565485267,177.1400398345775,255.08702995601138,False,dwarf
342.81754166666667,-58.44322222222222,,,simbad,,,,,,,,,-129.31137564761602,126.61510451140545,180.97739240665666,False,dwarf
342.49382593772043,-58.76089789967361,,,simbad,,,,,,,,,-300.19809609181027,-194.96511394034943,357.9529194613744,False,dwarf
342.8873301350079,-58.54718593249722,,,simbad,,,,,,,,,-92.47064962396001,21.37357979189103,94.90864531220276,False,dwarf
342.68806112217,-58.615440984779994,,,simbad,,,,,,,,,-197.6630299907462,-47.72039302851727,203.34185337976731,False,dwarf
342.79049118781,-58.43808356742001,,,simbad,,,,,,,,,-143.59108838603748,131.81691834588526,194.9207547340524,False,dwarf
342.77457733946,-58.43110652654001,,,simbad,,,,,,,,,-151.99187064963522,138.87971379920793,205.8861424392748,False,dwarf
342.77774088346,-58.57981454162,,,simbad,,,,,,,,,-150.32186326105187,-11.65606646135764,150.77309594097338,False,dwarf
342.7437797124899,-58.489642345060005,,,simbad,,,,,,,,,-168.24967031700038,79.6244335148346,186.13973776262185,False,dwarf
342.7063907881,-58.45352483632,,,simbad,,,,,,,,,-187.9869586184506,116.18586133242337,220.99378041965835,False,dwarf
342.8855416666667,-58.469527777777785,,,simbad,,,,,,,,,-93.41476652072369,99.98622826278059,136.83407633458188,False,dwarf
342.68000897085,-58.408433997900005,,,simbad,,,,,,,,,-201.91369070492212,161.8309097214201,258.76317712407496,False,dwarf
342.63656417747995,-58.18859138572999,,,simbad,,,,,,,,,-224.84781961967025,384.375599997413,445.3101659080904,False,dwarf
342.90192262893,-58.50473749585,,,simbad,,,,,,,,,-84.76739888121402,64.34374873734284,106.42194282506381,False,dwarf
342.12166666666667,-58.54083333333333,,,simbad,,,,,,,,,-496.657741473598,27.804258537106552,497.4354118460542,False,dwarf
342.23333333333335,-58.308055555555555,,,simbad,,,,,,,,,-437.70987844661545,263.4431001035851,510.87396164018617,False,dwarf
342.2645833333333,-58.53111111111111,,,simbad,,,,,,,,,-421.21327498759655,37.645976263628086,422.89223515526777,False,dwarf
342.39875,-58.33694444444445,,,simbad,,,,,,,,,-350.38785747006995,234.19913885905254,421.4509310759532,False,dwarf
342.57208333333335,-58.27194444444444,,,simbad,,,,,,,,,-258.8866969505726,299.99805165924755,396.2589467221178,False,dwarf
342.71125,-58.21388888888889,,,simbad,,,,,,,,,-185.42182287963956,358.7671660833447,403.850383012673,False,dwarf
341.9141666666667,-58.57944444444445,,,simbad,,,,,,,,,-606.1951884416326,-11.281420433947531,606.3001541619415,False,dwarf
342.44625,-58.797777777777775,,,simbad,,,,,,,,,-325.3130202123323,-232.29828137815335,399.7387304864429,False,dwarf
342.44291666666663,-58.07944444444445,,,simbad,,,,,,,,,-327.0726579146391,494.8640626444023,593.183752350205,False,dwarf
342.61875,-58.285,,,simbad,,,,,,,,,-234.2517691184117,286.78203071219957,370.2942404014929,False,dwarf
342.67833333333334,-58.23361111111111,,,simbad,,,,,,,,,-202.7982451898387,338.80253869525666,394.8598339644447,False,dwarf
343.00124999999997,-58.13,,,simbad,,,,,,,,,-32.333342779726394,443.6871304664929,444.8637036182003,False,dwarf
342.51047087882,-58.720753448649994,,,simbad,,,,,,,,,-291.41137631840667,-154.327248827824,329.7536807657393,False,dwarf
342.81133856186,-58.389678115689996,,,simbad,,,,,,,,,-132.58594077435762,180.81731984490813,224.218498003437,False,dwarf
342.70184677119,-58.47300687562,,,simbad,,,,,,,,,-190.38570566087586,96.46436894672217,213.42935926502471,False,dwarf
342.12458333333336,-58.4,,,simbad,,,,,,,,,-495.11805848407954,170.36856960417214,523.6099133381797,False,dwarf
342.25458333333336,-58.60666666666667,,,simbad,,,,,,,,,-426.49218809446324,-38.83823006821041,428.256925945669,False,dwarf
342.78041666666667,-58.609722222222224,,,simbad,,,,,,,,,-148.90934055696135,-41.93134135369192,154.7004495560014,False,dwarf
342.73449260673993,-58.414741326560005,,,simbad,,,,,,,,,-173.15225274387208,155.44605789832121,232.69116774472982,False,dwarf
342.87321377177,-58.34191598158,,,simbad,,,,,,,,,-99.92255511578712,229.1664967288254,250.00360046173387,False,dwarf
342.2705596565221,-58.646141199659446,,,simbad,,,,,,,,,-418.0584259063584,-78.79794321005429,425.4197495714522,False,dwarf
342.82351677262,-58.34210190053,,,simbad,,,,,,,,,-126.1571691344089,228.97829265530413,261.43199848401485,False,dwarf
342.73952337883,-58.47062403421,,,simbad,,,,,,,,,-170.49655187146428,98.87649777985663,197.09296287099878,False,dwarf
342.73097746221,-58.07358227462,,,simbad,,,,,,,,,-175.00786699704042,500.79828419977576,530.4966304966443,False,dwarf
342.11645190598995,-58.50861223263,,,simbad,,,,,,,,,-499.41056832216873,60.42138769871785,503.05234304524447,False,dwarf
342.35292869445,-58.34653307357,,,simbad,,,,,,,,,-374.5765265143703,224.49265621743476,436.6972943712041,False,dwarf
342.3584940766445,-58.25341881001555,,,simbad,,,,,,,,,-371.6386096132402,318.7513840339316,489.6097435497064,False,dwarf
342.87286040302,-58.518445125780005,,,simbad,,,,,,,,,-100.10909540837854,50.46763879178462,112.11072004363312,False,dwarf
342.71154527795,-58.62937302185,,,simbad,,,,,,,,,-185.26594821561366,-61.82366829463959,195.30908204596136,False,dwarf
342.52166666666665,-58.56333333333333,,,simbad,,,,,,,,,-285.5012171978556,5.027711798581969,285.5454830799933,False,dwarf
342.67524532474,-58.60295727965,,,simbad,,,,,,,,,-204.42837809360046,-35.0832511012551,207.41696236762743,False,dwarf
342.6322651022799,-58.42839555234999,,,simbad,,,,,,,,,-227.11726406177368,141.62400848125145,267.6557703715782,False,dwarf
342.80289742314,-58.59867093784,,,simbad,,,,,,,,,-137.04194455696242,-30.74422600913085,140.44821821886555,False,dwarf
342.19109543231787,-58.713708343148895,,,simbad,,,,,,,,,-460.0068993744466,-147.1955521734345,482.9833103242125,False,dwarf
342.2536405633645,-58.6873118669536,,,simbad,,,,,,,,,-426.9898681689923,-120.47463778257183,443.6603271285537,False,dwarf
342.63780208374,-58.05229703813999,,,simbad,,,,,,,,,-224.19433966153875,522.3451368009963,568.425495448546,False,dwarf
342.93080006976,-58.43177833437001,,,simbad,,,,,,,,,-69.52324879209465,138.19964880191193,154.7017293102417,False,dwarf
342.9229583333334,-58.50891666666667,,,simbad,,,,,,,,,-73.66283331240501,60.11321187359808,95.07792200806273,False,dwarf
342.8575292172224,-58.55998431753472,,,simbad,,,,,,,,,-108.20229517350029,8.417890237035763,108.52924747208039,False,dwarf
342.99046557518795,-58.35455557392083,,,simbad,,,,,,,,,-38.02634692877897,216.37155158629807,219.68762231088465,False,dwarf
342.6176747068896,-58.21351752656362,,,simbad,,,,,,,,,-234.81940700783844,359.1430928103856,429.09662667157164,False,dwarf
342.79445207461504,-58.19837382589583,,,simbad,,,,,,,,,-141.500170659033,374.4729241905724,400.3152123619257,False,dwarf
342.59451148238577,-58.19361200026055,,,simbad,,,,,,,,,-247.04707195095,379.29327726357485,452.65400245317716,False,dwarf
342.4815891782429,-58.26918077888443,,,simbad,,,,,,,,,-306.65777509098587,302.7956853391207,430.95732745103834,False,dwarf
342.7358943411858,-58.782113883161394,,,simbad,,,,,,,,,-172.41228930997738,-216.44186236315832,276.71840793185356,False,dwarf
344.0297405891399,-58.24929597489001,,,simbad,,,,,,,,,510.59790235304496,322.9248927864758,604.1446054286064,False,dwarf
344.1053731837362,-58.32965851079084,,,simbad,,,,,,,,,550.5236918453392,241.57462367661876,601.1943397001688,False,dwarf
343.9760290456792,-58.24736209568722,,,simbad,,,,,,,,,482.2440452764229,324.88254123309713,581.4705364871411,False,dwarf
344.1292033805279,-58.65578604305221,,,simbad,,,,,,,,,563.1034456636606,-88.56133104654651,570.0250870575989,False,dwarf
344.00298744477993,-58.65891761214001,,,simbad,,,,,,,,,496.4751499117865,-91.73139014401777,504.87842340278803,False,dwarf
344.07733258901334,-58.64648459736111,,,simbad,,,,,,,,,535.7213055445598,-79.14556160125042,541.5360903352101,False,dwarf
344.1661906895279,-58.6394879461225,,,simbad,,,,,,,,,582.6287246905783,-72.06291475905368,587.0683899837738,False,dwarf
343.8606631208812,-58.856384342196954,,,simbad,,,,,,,,,421.34337602591967,-291.62517709716917,512.421198271378,False,dwarf
343.8927556809575,-58.742578925453614,,,simbad,,,,,,,,,438.28475962798444,-176.42098182819143,472.45940921033963,False,dwarf
343.9950890759638,-58.48988550530694,,,simbad,,,,,,,,,492.30566964512775,79.37828459353247,498.6639995325003,False,dwarf
344.0797203760371,-58.46333344400972,,,simbad,,,,,,,,,536.981797566161,106.2566963775451,547.3937672667231,False,dwarf
343.9157417,-58.9552435,,,simbad,,,,,,,,,450.41887934784177,-391.6994094630613,596.9133892338792,False,dwarf
344.06208333333336,-58.670833333333334,,,simbad,,,,,,,,,527.671355976621,-103.79356706327059,537.7826368356676,False,dwarf
343.83625000000006,-58.8725,,,simbad,,,,,,,,,408.4559016459528,-307.9389119048699,511.5296639048057,False,dwarf
344.18541666666664,-58.64055555555556,,,simbad,,,,,,,,,592.7779509616237,-73.1436461435262,597.2735488178181,False,dwarf
344.17257688727,-58.68279820330999,,,simbad,,,,,,,,,585.999942986959,-115.9054968518789,597.3525068008003,False,dwarf
344.05458333333337,-58.86333333333334,,,simbad,,,,,,,,,523.7121711464576,-298.6595780484382,602.8863755028867,False,dwarf
344.0445833333333,-58.856944444444444,,,simbad,,,,,,,,,518.4332580395372,-292.19216354243025,595.104447535973,False,dwarf
342.3500444849187,-58.92670915745249,,,simbad,,,,,,,,,-376.09907566414194,-362.81435227699535,522.575132333713,False,dwarf
342.77666666666664,-58.99305555555556,,,simbad,,,,,,,,,-150.88893297205652,-429.97621171375755,455.6830178239692,False,dwarf
342.6958836614,-59.08146147648001,,,simbad,,,,,,,,,-193.53357950369858,-519.4687268203464,554.3491720385863,False,dwarf
343.18698953282,-59.148821097449996,,,simbad,,,,,,,,,65.71694264746635,-587.6562626120103,591.3193718609651,False,dwarf
342.43995090422624,-59.062399131781945,,,simbad,,,,,,,,,-328.6382581365082,-500.17208748873145,598.4774196357231,False,dwarf
342.60754734233535,-59.032246339243336,,,simbad,,,,,,,,,-240.16555475619953,-469.6486879975028,527.4934917410155,False,dwarf
342.97234977804703,-59.07643176662417,,,simbad,,,,,,,,,-47.58951882569536,-514.3771969708935,516.5739666937296,False,dwarf
342.3020208617167,-58.97904091492723,,,simbad,,,,,,,,,-401.4503290602978,-415.789317611774,577.9646384881052,False,dwarf
343.0679166666667,-59.10777777777778,,,simbad,,,,,,,,,2.8594112662485616,-546.10848088674,546.1159667407761,False,dwarf
342.45,-58.95444444444445,,,simbad,,,,,,,,,-323.333427797264,-390.89053274271635,507.2868164253957,False,dwarf
343.3204166666667,-59.11694444444444,,,simbad,,,,,,,,,136.1519672153176,-555.3878147431717,571.8330026693078,False,dwarf
342.9179166666667,-59.06722222222223,,,simbad,,,,,,,,,-76.3242853371548,-505.0544583703842,510.7889999324864,False,dwarf
342.79871321413,-59.097362168649994,,,simbad,,,,,,,,,-139.2507521354646,-535.5648538596652,553.3719225439769,False,dwarf
342.2966666666666,-58.96361111111111,,,simbad,,,,,,,,,-404.27676210297415,-400.169866599148,568.8370790573033,False,dwarf
342.63794999999993,-59.119883055555555,,,simbad,,,,,,,,,-224.1162559532072,-558.3625442240026,601.661721380698,False,dwarf
342.42072230682993,-58.92932221344,,,simbad,,,,,,,,,-338.78886761876396,-365.45952524721235,498.33579182748076,False,dwarf
