rho_s,r_s,MBH,chi2,reward,status,proposal_id
0.1,30.0,0.0,,,todo,
5.328797414872801,160.70684366623456,509553.035526467,555.3971793278192,-555.3971793278192,pass,1.0
7.1359267542957845,77.84268747233565,752693.6088721111,665.602939551913,-665.602939551913,pass,2.0
8.838907957711747,47.31482567745537,670546.4383489265,722.7378063576342,-722.7378063576342,pass,3.0
6.434808140740127,217.36452358394317,748725.2000668047,482.3212466014133,-482.3212466014133,pass,4.0
8.18565540214554,30.274648337627077,3553.907208115548,738.5357055474758,-738.5357055474758,pass,5.0
2.308865345197703,4.664284861588577,353541.7110591318,1177.0601515415683,-1177.0601515415683,pass,6.0
1.8536294901528172,238.03775271503451,612172.0256531164,inf,-1000000.0,orbit_fail,7.0
8.994391825439887,95.29496605357956,406655.44253589946,614.9260691168596,-614.9260691168596,pass,8.0
9.802605778172744,163.07748878974175,242294.61194293035,449.53129887768006,-449.53129887768006,pass,9.0
2.523164579474277,169.98158013563204,133336.87991420375,644.6369782510259,-644.6369782510259,pass,10.0
8.762709330866123,144.61922465402188,283325.86800975987,526.3243178718047,-526.3243178718047,pass,11.0
8.922215600128567,248.4619591804836,979970.4701516395,208.50385721664128,-208.50385721664128,pass,12.0
8.672462486066019,58.85819026122039,454490.673134089,685.3226862344804,-685.3226862344804,pass,13.0
8.05202263336869,224.422193604348,919959.7184824316,392.1895272613943,-392.1895272613943,pass,14.0
2.2054788271731485,299.3879762897553,602796.5202583806,539.8840770351986,-539.8840770351986,pass,15.0
0.3561490550443066,167.1008024608632,319642.5219249326,726.7157405513915,-726.7157405513915,pass,16.0
5.021544140716041,160.40339336729005,662513.3897918408,539.0807740160303,-539.0807740160303,pass,17.0
4.58329854285705,33.853038498566754,729937.667518445,727.8266436784706,-727.8266436784706,pass,18.0
7.842251475554818,43.2456225592776,838686.941896812,725.5814817648851,-725.5814817648851,pass,19.0
4.027860478229903,122.52067418793172,370666.3111862778,647.368526536368,-647.368526536368,pass,20.0
9.170239163164492,147.71313065617574,965988.3696125202,472.1614299809772,-472.1614299809772,pass,21.0
0.6981399842943309,109.25254679995844,45159.96385947485,720.1964394974681,-720.1964394974681,pass,22.0
3.3580391016612485,122.74605816678158,233107.12527799016,662.8419809201649,-662.8419809201649,pass,23.0
2.038225482552937,280.5058578335409,577046.8267607731,509.2325936932356,-509.2325936932356,pass,24.0
6.242592929860564,253.04823143471043,176484.22862926027,520.2389562240792,-520.2389562240792,pass,25.0
8.507897228944135,90.44145472581452,834420.4911042664,621.9671803274448,-621.9671803274448,pass,26.0
9.57762449496937,35.30419177502663,116588.78098879557,713.4407771102875,-713.4407771102875,pass,27.0
0.4584626841421221,174.8313375445672,98027.46240337168,708.3336731735075,-708.3336731735075,pass,28.0
2.1333381057226064,52.48379765043552,973148.6259011384,722.3501243655326,-722.3501243655326,pass,29.0
1.9831661754479537,54.18832094726762,271988.94041032385,733.1073350251404,-733.1073350251404,pass,30.0
2.7264081183076776,241.78454899513983,173326.54755865896,588.606666541061,-588.606666541061,pass,31.0
3.07888461018304,140.20265478804666,806967.1677227939,631.8075707753429,-631.8075707753429,pass,32.0
8.191725609843484,60.394383924924405,152537.47486775726,689.3817098207963,-689.3817098207963,pass,33.0
6.870516783104645,214.05181322462664,167064.11463104674,450.6039455140042,-450.6039455140042,pass,34.0
2.4901476179267403,250.41637997204103,813094.4686731682,504.1062400411127,-504.1062400411127,pass,35.0
4.6619884621622285,164.84523219976097,683412.8942924916,550.7356388254349,-550.7356388254349,pass,36.0
4.931073544587268,212.8897416239102,703609.8714755526,469.8484823889495,-469.8484823889495,pass,37.0
4.378533283499109,61.78998363654831,423335.8897679711,713.7518022732206,-713.7518022732206,pass,38.0
8.03792067669434,254.23664698627655,127470.86402936914,621.4339086953229,-621.4339086953229,pass,39.0
4.314759431953323,268.1575376487011,550107.8596623684,377.6189696781119,-377.6189696781119,pass,40.0
2.477210417909589,127.0148522273084,36656.65074761826,714.1355247623727,-714.1355247623727,pass,41.0
7.240102990019161,160.43072771810026,313386.34879795526,535.3403776614728,-535.3403776614728,pass,42.0
7.911032394088719,101.7733449492672,833250.7012741071,611.34483262787,-611.34483262787,pass,43.0
6.815704796426123,48.57840368325312,160509.74521787398,704.8598038759704,-704.8598038759704,pass,44.0
4.823439691887159,192.61408624075835,510334.0322003012,504.1435984890386,-504.1435984890386,pass,45.0
3.2636916664897826,52.668839769905766,652647.3426156915,723.50753571585,-723.50753571585,pass,46.0
7.245792336803397,200.53259385677435,583274.5274088299,404.08343182628033,-404.08343182628033,pass,47.0
2.63205832871845,52.52870846938194,499284.8853116989,728.7922645126905,-728.7922645126905,pass,48.0
0.0460014013459923,223.8134675132058,150219.19839670806,736.9689749033269,-736.9689749033269,pass,49.0
5.125368216049365,275.1520492620723,519078.3006368594,403.7964701587322,-403.7964701587322,pass,50.0
6.369328572370557,89.74564619311681,936953.8798370857,652.9065257482335,-652.9065257482335,pass,1.0
0.5937127228295127,128.2338712984794,951258.5534386565,714.6786081293448,-714.6786081293448,pass,2.0
3.802251245846353,86.01148370562515,268012.5841287333,685.270725063979,-685.270725063979,pass,3.0
0.6629783744529254,192.8352809916989,725935.9344333045,705.3813208507455,-705.3813208507455,pass,4.0
7.154294775310085,261.1329751084611,342708.3169048486,inf,-1000000.0,orbit_fail,5.0
9.73502624479845,257.9154868648512,186551.50792340792,539.0933780389865,-539.0933780389865,pass,6.0
4.488862844457915,8.425732688105128,432015.73270179285,1068.6623236907997,-1068.6623236907997,pass,7.0
2.8734729347991625,61.51079518480371,53343.28875303007,717.2782632590494,-717.2782632590494,pass,8.0
3.1294767983593856,68.34603770182744,421472.0888803648,727.3093990191272,-727.3093990191272,pass,9.0
2.4532599224808185,230.39444712034842,357889.05954798864,552.2369020849256,-552.2369020849256,pass,10.0
3.7366222486688216,211.1409428035542,306917.9375576696,533.2813223721987,-533.2813223721987,pass,11.0
3.1793247170165113,108.29425183000653,84278.7650900243,inf,-1000000.0,orbit_fail,12.0
8.61718105141437,32.008366205204666,475534.97833105596,732.3514463343453,-732.3514463343453,pass,13.0
0.9230695230692237,218.24701830183403,66322.55979712032,674.7178653883504,-674.7178653883504,pass,14.0
0.044375889308814406,114.69489290024408,130956.79683601735,749.3231500173101,-749.3231500173101,pass,15.0
6.652847112589667,125.85592104199095,189232.287522466,613.5065140047686,-613.5065140047686,pass,16.0
2.6877539607096113,57.74320322496341,710273.2776679917,723.1945387705621,-723.1945387705621,pass,17.0
6.4794422530429285,31.01504592046135,229820.49161754758,727.4590419125617,-727.4590419125617,pass,18.0
8.308628526774372,90.7149194299825,607574.976651433,631.0894755114699,-631.0894755114699,pass,19.0
9.865103814922978,248.08178891030863,181918.37614385408,491.070878810387,-491.070878810387,pass,20.0
1.9335794103243402,238.77042204566058,83908.94928959459,620.1749722568971,-620.1749722568971,pass,21.0
2.283641031216012,69.55213136426295,497585.5888434708,709.63196095007,-709.63196095007,pass,22.0
6.113364591987209,65.82927419370138,65979.3440260561,707.1150844933825,-707.1150844933825,pass,23.0
6.821649038965931,176.30728668607208,238890.28802195168,510.49578895334355,-510.49578895334355,pass,24.0
7.965797260869685,6.21360618179588,805566.7554955393,1132.7281322137749,-1132.7281322137749,pass,25.0
1.23196416795775,6.979727248764592,801234.8734597921,1177.8657871471328,-1177.8657871471328,pass,26.0
3.0214385957686396,139.4696692701564,850213.4627972908,632.0061700623548,-632.0061700623548,pass,27.0
7.841047611405551,246.95985519798418,691109.101681775,294.1452042966923,-294.1452042966923,pass,28.0
5.34085342462101,53.95593555296992,432113.49513638444,727.1546285260365,-727.1546285260365,pass,29.0
1.7537103683572044,68.97088468117408,671227.7414269906,722.1470919714719,-722.1470919714719,pass,30.0
6.052456666401002,208.51681468954587,313352.08949978324,441.6703699773088,-441.6703699773088,pass,31.0
5.906275562724105,186.4998083605809,316794.9175048259,576.8196942877736,-576.8196942877736,pass,32.0
8.19303915950078,135.57882362807146,371424.69527247414,567.6545060831323,-567.6545060831323,pass,33.0
2.039050064558001,55.71665128747473,932631.9316434558,728.5082557154992,-728.5082557154992,pass,34.0
3.5195704373586514,192.40535369565038,60055.41604974451,604.5820448142914,-604.5820448142914,pass,35.0
7.983544091368305,106.65271591397048,89998.56192048184,632.4471543388596,-632.4471543388596,pass,36.0
7.315505415851179,197.13474483519857,387871.4875523159,431.99433073451104,-431.99433073451104,pass,37.0
1.1431992420762627,131.94660235482513,319613.0139094248,701.2064263464648,-701.2064263464648,pass,38.0
7.938878551150105,216.09855340342537,347063.8036350939,364.68753858649393,-364.68753858649393,pass,39.0
9.12032528624948,90.87751925312742,185360.9779256927,651.037188036927,-651.037188036927,pass,40.0
0.07501729389974332,36.41129927712762,368264.17869011086,1118.3061630530033,-1118.3061630530033,pass,41.0
0.9225849026340075,48.05611488895708,119822.40345653772,741.7762240217494,-741.7762240217494,pass,42.0
2.14415272259496,162.30965633913831,626048.3328536483,646.4406291262079,-646.4406291262079,pass,43.0
2.5433082188122973,55.653213319307994,836896.9487185756,720.7531955427067,-720.7531955427067,pass,44.0
3.4583131460510166,87.20137013705023,987679.9372710697,711.9361004723141,-711.9361004723141,pass,45.0
5.773815471867339,279.87833483897674,296894.6859790632,371.77871549736517,-371.77871549736517,pass,46.0
1.864599658132409,246.75554087859916,602404.8282619247,566.6232798832804,-566.6232798832804,pass,47.0
2.758788321779552,265.06419509753624,621007.9002063549,524.2924278294538,-524.2924278294538,pass,48.0
1.1080301747568455,175.0826103129578,737893.8540906925,692.9061554900752,-692.9061554900752,pass,49.0
7.295015161194128,277.84192803427163,895712.6963120692,178.0467356552935,-178.0467356552935,pass,50.0
9.106744168629652,277.3201568875751,798315.2453673664,251.4418991070239,-251.4418991070239,pass,51.0
4.047249912504184,60.773014827431986,533651.5210489054,727.4008499975236,-727.4008499975236,pass,52.0
5.96420480146545,147.95936493224056,268023.5992661461,567.5448137471312,-567.5448137471312,pass,53.0
2.701820839409292,118.0195260883216,590835.9607120052,674.8298759221055,-674.8298759221055,pass,54.0
7.870319860396282,243.6123928588047,160292.7851727567,575.2811136414477,-575.2811136414477,pass,55.0
1.7420806359086343,91.63533340512011,185622.4261773346,704.6452515409269,-704.6452515409269,pass,56.0
7.424232542284636,162.91794571342567,155322.57507562297,567.1613976040622,-567.1613976040622,pass,57.0
5.754253737351539,105.58529530352648,814994.5119342287,625.8414793557993,-625.8414793557993,pass,58.0
2.614128285022115,84.19660573912823,943679.3081246329,708.7637291604667,-708.7637291604667,pass,59.0
2.356618352741527,105.04884372014362,220589.21653221664,686.2256556448738,-686.2256556448738,pass,60.0
1.8294082276510983,227.12630762985668,474061.4034938878,599.3453664451358,-599.3453664451358,pass,61.0
3.4589918981446015,290.92941951850156,198539.7210192701,449.1604686652364,-449.1604686652364,pass,62.0
7.730956547757598,110.79142610871321,331876.40095766215,625.1899476840406,-625.1899476840406,pass,63.0
4.005323417850325,176.9542432099421,738970.3663788189,558.0892928029186,-558.0892928029186,pass,64.0
2.0065521859258997,96.82435473747357,245811.13839692215,696.8564547294635,-696.8564547294635,pass,65.0
1.6588602339744918,67.96206067181093,743407.7737373086,722.6378780086791,-722.6378780086791,pass,66.0
1.9897868457884316,278.5412928278355,88769.46203811675,619.8678466190297,-619.8678466190297,pass,67.0
8.154569418745337,157.55438348181565,611375.5335121637,508.59884067297,-508.59884067297,pass,68.0
1.7593840808548167,242.36751360886205,800957.7782257283,576.621414430841,-576.621414430841,pass,69.0
1.976611013589373,99.55983759161707,692241.0090831016,706.9373545201258,-706.9373545201258,pass,70.0
3.076765425100869,1.39576718058481,180145.38515805156,1195.5857926445526,-1195.5857926445526,pass,71.0
1.5356474526365176,161.7925187447245,373016.72852194356,667.1269386652937,-667.1269386652937,pass,72.0
9.776983263389658,84.11485333672864,817729.0246722244,632.4523748390932,-632.4523748390932,pass,73.0
8.312792498078258,112.28659097033876,122544.95468205617,629.2694096599034,-629.2694096599034,pass,74.0
4.5745278678834635,70.70606742931496,556566.6669929507,703.7825708795458,-703.7825708795458,pass,75.0
7.123247181575625,233.62272040307224,503856.1241132383,417.3344078842385,-417.3344078842385,pass,76.0
7.532206337863836,299.23195983683695,862910.0198724587,121.744023839698,-121.744023839698,pass,77.0
5.3724388051800975,85.57814243054018,243850.45003692206,671.9163203148901,-671.9163203148901,pass,78.0
6.320291606681749,251.14768812738689,977655.9146724213,266.0840512054315,-266.0840512054315,pass,79.0
8.584408257346873,60.71956883407862,615857.5765315783,679.7608485970057,-679.7608485970057,pass,80.0
5.214523748218425,91.32183395938674,848139.3106302998,678.5300102523056,-678.5300102523056,pass,81.0
0.6396769415622435,267.6771530511145,658908.6691180827,665.173506882706,-665.173506882706,pass,82.0
7.961410211365581,200.07050577297224,731946.5416583051,402.983202178836,-402.983202178836,pass,83.0
1.3779069495996195,150.8377137502169,936329.388263839,698.2534822324549,-698.2534822324549,pass,84.0
8.61583514077378,249.4390251038214,634983.3016053425,207.73332345205313,-207.73332345205313,pass,85.0
8.4653824387529,82.25724391513407,213958.30248961013,668.9692811358768,-668.9692811358768,pass,86.0
5.6614063185239205,155.31440051339888,812788.2920391093,530.1438633513733,-530.1438633513733,pass,87.0
0.38237247032085775,294.9030790621962,286883.1437489742,671.8341535419084,-671.8341535419084,pass,88.0
6.097521287350113,192.71887979128618,931400.6380620056,455.85566045143804,-455.85566045143804,pass,89.0
4.022702672165276,181.57278338157664,720202.9074607744,inf,-1000000.0,orbit_fail,90.0
8.902135041387291,74.65998489951185,84650.21067482681,680.8599268078365,-680.8599268078365,pass,91.0
8.99631728261795,150.6210073460014,219068.81694107383,517.0815012017556,-517.0815012017556,pass,92.0
5.172710112993458,32.12798707951302,218412.49222052307,736.6798100555094,-736.6798100555094,pass,93.0
6.843346282848998,239.50049158045755,224455.47098184182,460.20166303936855,-460.20166303936855,pass,94.0
6.414872456648436,297.73514247356167,566778.1511002536,183.54280453010347,-183.54280453010347,pass,95.0
0.11818431889354385,155.4283064639454,401484.340226546,731.7548590816215,-731.7548590816215,pass,96.0
9.211899284495194,74.80688355236506,982106.2519956199,656.7616687034418,-656.7616687034418,pass,97.0
2.2310047841926033,45.21172387865295,737129.7976711504,726.5614062280936,-726.5614062280936,pass,98.0
2.351880487005773,187.1066709989106,651873.5245020294,610.0351617125232,-610.0351617125232,pass,99.0
7.156874400008493,120.28676072569972,609172.3201174277,577.5463769401449,-577.5463769401449,pass,100.0
3.775985973241047,48.84157416530772,408882.5948595003,726.9526820623689,-726.9526820623689,pass,101.0
1.9971795618897825,256.8423807053232,54588.90802949368,641.737341563288,-641.737341563288,pass,102.0
1.3143736745762327,261.17460791347196,239466.93146078213,617.7670554760822,-617.7670554760822,pass,103.0
2.6449281452306357,124.47781409774159,495407.29722754407,inf,-1000000.0,orbit_fail,104.0
7.188847089591157,208.36336838829226,461499.20717543224,381.63539420360405,-381.63539420360405,pass,105.0
9.685930999578614,265.3167941267367,385272.5044750652,175.16205047445573,-175.16205047445573,pass,106.0
5.598120542238411,273.1538221828202,486615.31473064754,342.70483395218423,-342.70483395218423,pass,107.0
2.7583480302039933,37.69779174546329,102765.6212882907,737.9828820541269,-737.9828820541269,pass,108.0
3.6381863152289884,163.9291542013486,200520.73045443208,613.3237889138815,-613.3237889138815,pass,109.0
2.5606312162873075,267.3998903486239,833994.3730366568,485.842396582527,-485.842396582527,pass,110.0
5.530452853035407,119.08798401567684,295682.45928538137,621.8561145935133,-621.8561145935133,pass,111.0
4.7100381007870755,283.8064640418408,692620.6932227358,361.5188584617772,-361.5188584617772,pass,112.0
0.723924696089023,88.8894701899989,474037.9106662048,727.1757311131798,-727.1757311131798,pass,113.0
3.817894832722584,171.40234167055036,938187.9361352287,551.239624632045,-551.239624632045,pass,114.0
9.119339273869041,61.07248860097187,954874.7210798495,682.6498546920535,-682.6498546920535,pass,115.0
5.251094081103559,150.66175039997614,916649.6193808607,548.1768911059595,-548.1768911059595,pass,116.0
2.0232442296364037,173.54017985979888,524729.9512632124,635.0768130214607,-635.0768130214607,pass,117.0
3.3182396319891683,281.72312510272866,408944.67454533844,425.5101302529187,-425.5101302529187,pass,118.0
4.653381864735083,82.32047264358432,713363.7173190833,694.3237060204043,-694.3237060204043,pass,119.0
6.086529551921278,100.18137511720101,367196.39159507776,646.2564089019405,-646.2564089019405,pass,120.0
8.061587796293733,224.16633489016806,35682.21719773368,635.4140851521033,-635.4140851521033,pass,121.0
2.075090892216998,252.21496946009418,396432.3199944806,557.0225872122322,-557.0225872122322,pass,122.0
7.53506181562649,167.41973156548957,199015.99537165227,539.2909338864669,-539.2909338864669,pass,123.0
8.088088139841606,47.21924948274886,688826.3437917641,704.0224559359284,-704.0224559359284,pass,124.0
2.361560316825214,268.9087757071289,17377.931867318617,712.2371948205316,-712.2371948205316,pass,125.0
8.45933044256159,119.32208967289249,889131.5700231051,inf,-1000000.0,orbit_fail,126.0
7.463307389843431,60.87669364781402,612557.5598688079,684.2283467208432,-684.2283467208432,pass,127.0
7.2562627240860955,155.44169892780175,708130.2015828643,497.5188754674149,-497.5188754674149,pass,128.0
5.5870007910947574,236.41845136561008,759369.5062703675,370.33433536523296,-370.33433536523296,pass,129.0
1.5148806686215341,249.26895407750632,136579.8195478425,636.7601407687782,-636.7601407687782,pass,130.0
7.474370556304389,152.36145582533575,156808.50409651792,563.9199470986604,-563.9199470986604,pass,131.0
3.4405586409183893,153.03349329507802,501011.45308359904,608.1213307848311,-608.1213307848311,pass,132.0
9.738996556620542,181.8027202432065,255882.28237055056,518.9744799118126,-518.9744799118126,pass,133.0
0.03666886527872264,150.2333700585857,312401.3383881047,848.7117324948689,-848.7117324948689,pass,134.0
2.7090176096277063,262.7491642712057,25499.746729739203,inf,-1000000.0,orbit_fail,135.0
5.017013979473268,151.54440051672134,858332.3185429743,556.7990986027293,-556.7990986027293,pass,136.0
0.043313831974171754,202.15005746590958,326809.89231200406,753.0300588272273,-753.0300588272273,pass,137.0
5.2509185149187925,254.39926753528195,531538.418376268,351.1350000804158,-351.1350000804158,pass,138.0
4.0567354274221845,106.77810910028767,862275.2323651684,656.845938389182,-656.845938389182,pass,139.0
7.1659072816884,34.62050080647476,371500.8043476733,732.969521130582,-732.969521130582,pass,140.0
9.856037169861589,225.81443156071626,671369.0034771203,293.2094073950805,-293.2094073950805,pass,141.0
1.2864410074978743,260.2551040329436,401420.7864180922,607.9322493444745,-607.9322493444745,pass,142.0
9.209629264512978,48.361254922667065,442783.5797351064,700.4479812783275,-700.4479812783275,pass,143.0
2.938515078075631,144.29912670626607,938516.2443945113,646.7486920651166,-646.7486920651166,pass,144.0
2.8547048028399113,159.5636805440665,961337.910284518,611.063047416482,-611.063047416482,pass,145.0
4.554912967470105,265.6331160316918,520704.86606345145,383.95595024026943,-383.95595024026943,pass,146.0
7.229303903106989,246.34755596203425,516316.5409628023,286.9683660159138,-286.9683660159138,pass,147.0
7.169276359574792,100.48045426622514,419131.77447134955,629.2691433118733,-629.2691433118733,pass,148.0
8.649178283578744,29.488550443959905,583555.624151598,727.2347132645253,-727.2347132645253,pass,149.0
1.6450366681723183,50.160550183378945,125267.89295341523,733.957135940946,-733.957135940946,pass,150.0
5.461592841549011,294.2107030657901,506118.64222881367,345.4942651974283,-345.4942651974283,pass,151.0
3.8123565500666343,121.45804225908904,632668.7635720827,inf,-1000000.0,orbit_fail,152.0
5.324748055411513,190.64274112100887,985896.6113625854,472.06540792356833,-472.06540792356833,pass,153.0
7.593880498328156,240.05412471791809,250904.23526668458,375.78544978223334,-375.78544978223334,pass,154.0
9.45684593630886,72.98458261273159,33333.12523259413,710.338089440026,-710.338089440026,pass,155.0
1.7236262924996049,267.00103802292887,762955.4839089933,554.5239387988174,-554.5239387988174,pass,156.0
0.9278309149879771,54.03500247477288,404085.0164632935,733.0827512940344,-733.0827512940344,pass,157.0
2.610411500421732,26.958267213145962,100133.67652699212,743.639404525828,-743.639404525828,pass,158.0
0.6095971689538976,215.1090287959893,994849.0711881184,701.8425852799147,-701.8425852799147,pass,159.0
2.954590712622253,48.12277910947291,450376.39582516556,inf,-1000000.0,orbit_fail,160.0
6.2908088920168295,148.63210622643504,848808.9704212944,533.6057513059797,-533.6057513059797,pass,161.0
0.8909429958665286,200.15859870716156,309530.21440600825,678.5886451644727,-678.5886451644727,pass,162.0
5.803887779401211,129.6369133416957,117631.51198039457,636.0658911122018,-636.0658911122018,pass,163.0
0.15534682368593758,63.94067725822693,263521.38833492476,799.7626684557389,-799.7626684557389,pass,164.0
6.387709295511174,51.762001696394755,466387.32521748316,708.5797851316762,-708.5797851316762,pass,165.0
3.6422486034874577,19.318926576023085,184306.84792708352,743.8889604656979,-743.8889604656979,pass,166.0
8.287575643193565,285.9490740583761,371564.68861507985,263.3247727716813,-263.3247727716813,pass,167.0
9.845068003030907,194.2592966706908,778292.5620786304,337.208706829692,-337.208706829692,pass,168.0
8.834135894602904,260.9577747269349,837518.1615565144,171.00005707326542,-171.00005707326542,pass,169.0
2.5320208713599937,281.1770843970133,172858.15753848333,569.7917728622547,-569.7917728622547,pass,170.0
8.404111399747539,30.16426643060352,849024.4338051797,724.4102154706909,-724.4102154706909,pass,171.0
7.400752392750886,140.11357785740682,218853.12265243716,587.7995200882568,-587.7995200882568,pass,172.0
9.45284842585392,75.03383409588363,877945.319524239,649.5694494894784,-649.5694494894784,pass,173.0
4.758017123047298,238.32620046279666,617581.060269645,412.98360793691603,-412.98360793691603,pass,174.0
1.1711307736817727,257.58468616320874,872373.3944075402,661.78700673005,-661.78700673005,pass,175.0
2.2066451034132224,111.96732229848732,946528.210762336,696.582174244141,-696.582174244141,pass,176.0
1.134266041227054,168.46837323716554,791264.555779914,700.9843548504344,-700.9843548504344,pass,177.0
5.946392548747206,9.635055143851393,681749.5792537734,1046.319218388078,-1046.319218388078,pass,178.0
5.059978821049792,101.90134463856772,380716.643878383,654.3001468712694,-654.3001468712694,pass,179.0
0.16295989418361,280.271551437891,588700.3722275869,714.2361737247159,-714.2361737247159,pass,180.0
4.0080434300753955,271.90084101518806,746495.6353104627,392.0771506221723,-392.0771506221723,pass,181.0
5.740428672101345,159.97089812126902,81331.58399040885,633.4366893940454,-633.4366893940454,pass,182.0
7.243717442260349,109.50379240162634,382705.89325169934,inf,-1000000.0,orbit_fail,183.0
6.98699083242548,26.053929284242717,461261.07775548997,733.0158015160339,-733.0158015160339,pass,184.0
1.4573313327924051,33.01724865368995,233375.33315157154,739.3880915865341,-739.3880915865341,pass,185.0
8.222267203336795,288.3383579058422,190707.4378804615,238.6194477858656,-238.6194477858656,pass,186.0
2.579649130366175,147.745666445995,850742.2861229572,646.4310409324636,-646.4310409324636,pass,187.0
0.8548734890666784,276.47108747831106,641149.3818506565,634.3399563184458,-634.3399563184458,pass,188.0
0.2668775708987013,183.12757147110113,562871.7683421238,715.5609668020281,-715.5609668020281,pass,189.0
7.167076226349183,23.05553050627781,700396.0638174395,729.68147742661,-729.68147742661,pass,190.0
0.5971767449606994,126.69447694316764,907299.2281375456,721.9554603826796,-721.9554603826796,pass,191.0
6.943254630596787,240.5506528565895,23881.924725129178,inf,-1000000.0,orbit_fail,192.0
0.3627410035301103,77.16384586583445,312080.5988022922,735.0680371970182,-735.0680371970182,pass,193.0
7.414289754158012,216.83322585046656,649512.3408738755,430.2473397724778,-430.2473397724778,pass,194.0
3.9403219169964796,58.11985910928305,575802.9870553889,719.5272917694451,-719.5272917694451,pass,195.0
0.8833267211161244,199.40209618175624,423687.0468217513,681.5229186585454,-681.5229186585454,pass,196.0
2.013480680226594,189.9369667426057,907560.8666520503,636.500257813477,-636.500257813477,pass,197.0
5.665181025785932,229.85826590054643,252714.80731299735,421.08276197448566,-421.08276197448566,pass,198.0
2.847584433988127,250.61040893717598,980391.5562506756,474.66833207956535,-474.66833207956535,pass,199.0
3.4639226903912324,178.59032038248046,974728.7344065334,562.3608710735913,-562.3608710735913,pass,200.0
3.186187040813592,56.95088464735282,963116.4596047722,718.0284118245298,-718.0284118245298,pass,201.0
6.4974924072849545,147.52010104990651,824222.2171122404,inf,-1000000.0,orbit_fail,202.0
9.40410516413623,69.83914511101398,844406.0169260886,660.439302022776,-660.439302022776,pass,203.0
0.001950805625155998,270.6535607600319,789512.9672790859,1167.248782297758,-1167.248782297758,pass,204.0
3.932929732672679,63.21133647361676,424777.63584850717,724.9445296773343,-724.9445296773343,pass,205.0
4.670356141534773,6.560196980611408,996354.3492725388,1157.385193065474,-1157.385193065474,pass,206.0
6.155748083395174,106.5252172667012,777787.2739816823,623.2216489647577,-623.2216489647577,pass,207.0
2.994443381880729,80.60779060634212,130151.53748309615,inf,-1000000.0,orbit_fail,208.0
0.9445877963541436,2.2559410325152687,936471.5239331123,1189.3144746483877,-1189.3144746483877,pass,209.0
9.084914604248487,6.9502518196448575,390301.8994631915,1031.3007120940756,-1031.3007120940756,pass,210.0
2.27147929581592,111.46267969427726,808942.667337238,710.97125855783,-710.97125855783,pass,211.0
5.920847686957406,295.79812816841786,584560.466272522,280.394589539257,-280.394589539257,pass,212.0
9.119426269764089,138.9875284106576,443662.6859675825,509.89926548620036,-509.89926548620036,pass,213.0
2.9872407581330944,38.924424043621826,938533.8812020742,724.9581150759338,-724.9581150759338,pass,214.0
1.300229953899133,86.7353286798979,133231.48118038685,716.1688454210224,-716.1688454210224,pass,215.0
2.259645761616031,12.814654636037226,767593.7239282153,1085.5708655508865,-1085.5708655508865,pass,216.0
7.245710169792633,175.43442524815325,34678.130973743726,644.7892187343188,-644.7892187343188,pass,217.0
3.361074604607328,145.4672224848851,904231.1966158918,617.3486178475387,-617.3486178475387,pass,218.0
5.822149714190628,82.15607678884865,191131.76128841346,683.9725025429465,-683.9725025429465,pass,219.0
1.9413500145931752,5.1470502392972595,243768.518707561,1167.9325464491283,-1167.9325464491283,pass,220.0
5.23983936014342,145.3659069890084,532263.6045712046,577.3144302064745,-577.3144302064745,pass,221.0
5.410202391624445,248.05788562963116,850023.282729114,359.4807365012565,-359.4807365012565,pass,222.0
4.804534920822007,255.08162385087817,584286.45726825,404.82840054282343,-404.82840054282343,pass,223.0
5.1545110881686576,163.7203325860679,963751.7767254051,524.7468357929447,-524.7468357929447,pass,224.0
2.131828707431819,248.42447120739254,436209.64501661377,548.7421101725072,-548.7421101725072,pass,225.0
1.0061640767987192,11.362993632680515,897919.1521413453,1157.80976455009,-1157.80976455009,pass,226.0
3.9210860349894974,278.2612856850178,395594.9407293108,541.3582490057096,-541.3582490057096,pass,227.0
1.5297651840375237,292.38808874550847,19773.83858553472,654.7886402123237,-654.7886402123237,pass,228.0
1.6268148750538642,280.4566206946652,519892.7859393533,548.3080787596899,-548.3080787596899,pass,229.0
3.564983499802977,252.99853315643318,239441.8622089246,504.18873194987634,-504.18873194987634,pass,230.0
1.524889098076106,96.85681796754649,263520.2450477674,705.9644551752605,-705.9644551752605,pass,231.0
5.179217018362055,100.7179510481752,526241.5706949233,649.5206525174258,-649.5206525174258,pass,232.0
6.598841911066625,250.6491427124584,317419.06899245566,394.44584601165855,-394.44584601165855,pass,233.0
1.4297467329534717,113.2058485675059,555560.3817504622,711.3614070856812,-711.3614070856812,pass,234.0
6.160865127934908,113.99930628439797,715497.4197718808,inf,-1000000.0,orbit_fail,235.0
3.5285572039711846,298.29390589234623,289868.2714762784,inf,-1000000.0,orbit_fail,236.0
1.4378626561028656,27.310316036200064,899713.5343134829,920.7384396963915,-920.7384396963915,pass,237.0
4.19455878760399,13.888594866061384,750449.6867968001,978.2734761013979,-978.2734761013979,pass,238.0
7.470474180295447,80.46976418978599,364415.0633349755,662.2339445999581,-662.2339445999581,pass,239.0
9.950355156180162,295.691221566346,839881.384098418,122.33698063421856,-122.33698063421856,pass,240.0
9.80664293106596,238.53430728720207,884063.0551969637,296.2375364370252,-296.2375364370252,pass,241.0
6.860570016286376,206.87470267731698,527552.8673591871,417.21494200964634,-417.21494200964634,pass,242.0
5.5949473734531905,177.4231333131962,880694.6202929898,497.87475677943524,-497.87475677943524,pass,243.0
4.962539316690469,100.65053983914044,260017.75494553804,658.7431867416773,-658.7431867416773,pass,244.0
7.188226914204057,258.145388957525,548192.2704532136,314.76801967555724,-314.76801967555724,pass,245.0
7.59790753242873,100.68539942977478,244582.58001697774,634.847438845495,-634.847438845495,pass,246.0
4.472912943433399,127.09965135790378,99124.46855011059,651.5371931395113,-651.5371931395113,pass,247.0
9.747480264744297,112.5066563980712,251914.22855298463,598.7997681104601,-598.7997681104601,pass,248.0
3.398101884927947,243.30422892943852,182833.4149156049,512.6824503322656,-512.6824503322656,pass,249.0
6.247043104676543,149.90953571837554,48892.3206552706,686.2266129303416,-686.2266129303416,pass,250.0
0.001,238.84374526092665,486883.1437489742,1177.1803234873346,-1177.1803234873346,pass,251.0
6.249222872798196,1.0,352537.4748677573,1194.9478085054868,-1194.9478085054868,pass,252.0
0.9776937372681425,218.9238161298739,1000000.0,677.9916997613452,-677.9916997613452,pass,253.0
2.195879467971126,89.99590582564431,957050.6520977939,716.1497561048747,-716.1497561048747,pass,254.0
1.3324679255563288,1.0,1000000.0,1181.514795439207,-1181.514795439207,pass,255.0
7.29538751108087,244.53617629248663,1000000.0,280.75370847664544,-280.75370847664544,pass,256.0
6.911176132164156,1.0,203553.90720811556,1194.173167034923,-1194.173167034923,pass,257.0
6.616035173961647,196.7355567810675,834983.3016053425,427.3151652507334,-427.3151652507334,pass,258.0
2.1830184069285825,122.01823055819622,409356.4690279901,680.3312488545628,-680.3312488545628,pass,259.0
2.0280605114177694,62.72067495087117,570666.3111862778,725.2384698571194,-725.2384698571194,pass,260.0
0.7973813506000704,124.86681496839572,222688.90335170375,709.0436630187446,-709.0436630187446,pass,261.0
0.001,221.21868366024535,858908.6691180827,1180.511136382925,-1180.511136382925,pass,262.0
1.7194183739889004,136.47858443905858,167987.55667474453,678.9681506768895,-678.9681506768895,pass,263.0
4.028126450250801,215.7758696071366,686615.3147306475,inf,-1000000.0,orbit_fail,264.0
4.520662462472844,1.0,565154.0205299831,1192.7651874368044,-1192.7651874368044,pass,265.0
3.1547111213565238,103.92033334900736,1000000.0,699.902005414703,-699.902005414703,pass,266.0
6.647359335341401,180.25412548085754,450904.23526668455,518.2434622098833,-518.2434622098833,pass,267.0
0.001,205.6579207213142,1000000.0,1183.4012186342202,-1183.4012186342202,pass,268.0
8.59231427331282,103.2774895526812,408688.4869429304,608.338372809608,-608.338372809608,pass,269.0
0.001,91.03771451315635,1000000.0,1186.3553126686747,-1186.3553126686747,pass,270.0
4.348342258671538,220.0783356019162,496894.6859790632,472.956082800566,-472.956082800566,pass,271.0
3.7743535762216203,93.817876163694,1000000.0,698.3236536869653,-698.3236536869653,pass,272.0
6.762909364053989,117.58843623239102,474606.08675975987,602.1034786432575,-602.1034786432575,pass,273.0
0.03925009774586741,1.0,1000000.0,1190.2368092370807,-1190.2368092370807,pass,274.0
1.6383863484168546,115.22702102263767,400520.7304544321,698.9368301159337,-698.9368301159337,pass,275.0
6.344443873037044,1.0,1000000.0,1189.931525447925,-1189.931525447925,pass,276.0
5.7311565809454645,68.07956163727766,458395.10408266215,692.224529970628,-692.224529970628,pass,277.0
3.103207560529998,1.0,632015.7327017928,1192.168540231421,-1192.168540231421,pass,278.0
6.795393001664453,60.486761488639175,800974.6482424277,702.3543327512841,-702.3543327512841,pass,279.0
4.435008173927994,157.56452434688262,948725.2000668047,555.1650923995364,-555.1650923995364,pass,280.0
5.880456741553658,17.523796005932873,1000000.0,862.8566326989978,-862.8566326989978,pass,281.0
6.84259162911081,164.3663356531075,235682.21719773367,511.52070499852294,-511.52070499852294,pass,282.0
4.605914578702297,100.17089888420847,281331.58399040886,661.3041475695317,-661.3041475695317,pass,283.0
1.7263388760465683,193.19853391937264,439441.8622089246,631.6309506680695,-631.6309506680695,pass,284.0
0.001,49.45254756289789,245159.96385947484,1193.9067894408436,-1193.9067894408436,pass,285.0
5.3706087226872254,115.6344260110927,132207.67003624374,inf,-1000000.0,orbit_fail,286.0
0.41246955105440164,198.59466357224096,1000000.0,700.5254177943997,-700.5254177943997,pass,287.0
7.2098292977008445,1.0,519013.4000476064,1193.0451290147676,-1193.0451290147676,pass,288.0
3.8634466848280935,1.0,615778.9983267928,1192.3448358506516,-1192.3448358506516,pass,289.0
0.001,208.9568580987219,834018.9503680827,1182.1852182079572,-1182.1852182079572,pass,290.0
7.587414694551821,87.91313141911519,1000000.0,640.4542491082686,-640.4542491082686,pass,291.0
0.8677358517689111,58.21952685126105,790835.9607120052,731.5285397818071,-731.5285397818071,pass,292.0
3.5786943784436307,230.7275493995068,883829.8025977358,472.8075402724219,-472.8075402724219,pass,293.0
0.001,207.87715381405394,858908.6691180827,1182.28048457746,-1182.28048457746,pass,294.0
7.850862051340233,146.0355837495482,978292.5620786304,inf,-1000000.0,orbit_fail,295.0
4.203617938041681,188.2578863925706,1000000.0,529.9309150232874,-529.9309150232874,pass,296.0
5.7311565809454645,50.99142687165266,413690.17439516215,721.4446255394213,-721.4446255394213,pass,297.0
1.6628573070420014,253.89728450873594,398539.72101927013,577.8735690286122,-577.8735690286122,pass,298.0
6.617381084602236,1.0,675534.978331056,1191.608574631679,-1191.608574631679,pass,299.0
0.20567886036101468,239.58797705269473,802796.5202583806,713.5343759230808,-713.5343759230808,pass,300.0
3.7544537705394054,58.447184189024526,1000000.0,724.0320307541199,-724.0320307541199,pass,301.0
7.978788040913736,24.920137130116878,654490.673134089,730.5496404168085,-730.5496404168085,pass,302.0
0.001,251.77710249969618,486883.1437489742,1175.9849729483217,-1175.9849729483217,pass,303.0
3.6689410954453106,100.90684442917401,709553.035526467,679.4134857659037,-679.4134857659037,pass,304.0
5.136126787483651,26.369020327560264,887840.6088721111,728.1275397974251,-728.1275397974251,pass,305.0
5.842451508742684,1.0,1000000.0,1190.0035982154798,-1190.0035982154798,pass,306.0
0.001,68.43387206141884,1000000.0,1188.8752182352875,-1188.8752182352875,pass,307.0
0.001,140.358599470101,489826.13628100825,1185.6457730858701,-1185.6457730858701,pass,308.0
7.322581218182091,1.2724893639113262,1000000.0,1187.8391444236072,-1187.8391444236072,pass,309.0
3.8801524424669065,215.35205002501175,719078.3006368594,512.417862673235,-512.417862673235,pass,310.0
0.001,31.83533416805956,329288.6761773346,1194.9324439278546,-1194.9324439278546,pass,311.0
6.465582471940767,22.457244678073522,413958.30248961016,734.171148383713,-734.171148383713,pass,312.0
1.6383863484168546,104.12915496428806,400520.7304544321,699.1753000338791,-699.1753000338791,pass,313.0
7.231074441116213,1.0,675534.978331056,1191.578214855647,-1191.578214855647,pass,314.0
5.244626655508749,1.0,359323.2650550476,1192.8032771824503,-1192.8032771824503,pass,315.0
5.961610244553447,140.2705065359117,842700.0572833051,556.3751657333696,-556.3751657333696,pass,316.0
2.530342975881921,13.414472467114713,623335.8897679711,1035.6657636693178,-1035.6657636693178,pass,317.0
3.678979710399516,31.52183472232619,1000000.0,729.8305084272661,-729.8305084272661,pass,318.0
6.312992531266124,67.7232212193622,316603.76718205615,684.1893801413974,-684.1893801413974,pass,319.0
0.13202874061968517,205.17821342541012,636209.6450166138,724.363961465157,-724.363961465157,pass,320.0
0.001,140.358599470101,434712.41753100825,1185.2753309786772,-1185.2753309786772,pass,321.0
0.283841064403878,9.752132127202401,668497.1825934708,1180.7256914347279,-1180.7256914347279,pass,322.0
9.009733829819371,188.28178967324808,381918.3761438541,381.79224456380706,-381.79224456380706,pass,323.0
4.153167856402541,1.0,881749.5792537734,1189.9675799025936,-1189.9675799025936,pass,324.0
3.5951474066410567,117.62313407613564,1000000.0,671.1399007156384,-671.1399007156384,pass,325.0
0.001,110.0854216014882,517611.1469249326,1187.2079153383954,-1187.2079153383954,pass,326.0
7.324439496743512,30.641455488753977,1000000.0,723.0899402331388,-723.0899402331388,pass,327.0
2.1490498859365674,117.15424397288155,938970.3663788189,703.5646987023603,-703.5646987023603,pass,328.0
6.83627431870087,249.81381795833244,311445.3519429615,325.66407204451997,-325.66407204451997,pass,329.0
0.001,39.75983835455652,892241.0090831016,1189.5120990475618,-1189.5120990475618,pass,330.0
2.962739349878335,40.85054060207989,460017.754945538,733.5697821357705,-733.5697821357705,pass,331.0
0.001,1.0,1000000.0,1190.1970072629706,-1190.1970072629706,pass,332.0
1.1296768315472518,8.546038464766895,570696.5576303648,1164.141090382283,-1164.141090382283,pass,333.0
3.9465925819350725,1.0,881749.5792537734,1189.9737634565072,-1189.9737634565072,pass,334.0
6.440493688665864,164.3663356531075,210178.32657273367,532.0555196253885,-532.0555196253885,pass,335.0
2.6621884953500947,111.39478511724144,883412.8942924916,699.5580432025323,-699.5580432025323,pass,336.0
1.7368222818566879,160.08117794149365,506917.9375576696,660.8525574133316,-660.8525574133316,pass,337.0
7.865303848110845,210.32673443643168,381918.3761438541,353.3350355700692,-353.3350355700692,pass,338.0
5.460268998923432,148.5633691512317,661499.2071754322,556.9766754475813,-556.9766754475813,pass,339.0
6.088288173029472,1.0,849464.6406667641,1190.005162590041,-1190.005162590041,pass,340.0
0.001,18.978964209982678,762346.0851769906,1190.9910258617958,-1190.9910258617958,pass,341.0
5.473536677700004,151.62792314144232,780048.5274088299,546.5479713133178,-546.5479713133178,pass,342.0
4.023509010595808,170.05826666348588,434274.27606299735,564.1323176125628,-564.1323176125628,pass,343.0
3.5079533836947503,54.310825687151706,580716.643878383,720.3932586453546,-720.3932586453546,pass,344.0
0.001,235.32857386421244,288769.46203811676,1167.842077482619,-1167.842077482619,pass,345.0
0.03925009774586741,3.247847881713014,1000000.0,1190.1597780447914,-1190.1597780447914,pass,346.0
4.435008173927994,162.87404888301543,893589.2156918047,554.9213546275831,-554.9213546275831,pass,347.0
0.001,22.502368542406614,410717.54458492476,1194.4822204520224,-1194.4822204520224,pass,348.0
3.356407375884438,1.0,626932.7138863844,1191.6190991352082,-1191.6190991352082,pass,349.0
7.9088997196550395,21.763431734743428,241864.27317629557,739.215737946153,-739.215737946153,pass,350.0
0.03842551574080311,224.63035429350185,777046.8267607731,905.6453408621993,-905.6453408621993,pass,351.0
0.001,1.0,321197.16714506096,1195.9680458045452,-1195.9680458045452,pass,352.0
2.9476124135359356,197.20921403032153,784286.45726825,565.3169120238488,-565.3169120238488,pass,353.0
6.340960663085929,157.03322661340601,826310.9033738755,540.3888172437316,-540.3888172437316,pass,354.0
3.2984246990082218,90.8617511629156,991225.1037558607,683.9972872097402,-683.9972872097402,pass,355.0
4.320491639869616,191.34768889032634,1000000.0,508.10545102421196,-508.10545102421196,pass,356.0
4.821849072153797,116.50728744901153,438890.2880219517,631.9242530019612,-631.9242530019612,pass,357.0
1.4407586741062555,97.56785990274403,701011.453083599,717.1148462101037,-717.1148462101037,pass,358.0
0.49034765111460654,190.61638073498048,1000000.0,707.6488597929994,-707.6488597929994,pass,359.0
0.8477844671759933,190.81040970011543,1000000.0,696.5258933271869,-696.5258933271869,pass,360.0
3.804087812589077,69.83691410463516,309773.2307303946,704.5931667438051,-704.5931667438051,pass,361.0
7.4570459694967255,33.48198861859096,233333.12523259415,732.6415260160644,-732.6415260160644,pass,362.0
6.038120709882206,198.88395533588593,289307.00465436914,501.8475737281619,-501.8475737281619,pass,363.0
0.6322583619063162,27.02500630568565,690817.7603116989,1022.2666507120065,-1022.2666507120065,pass,364.0
5.240303023207027,133.80568766377897,463138.39567295526,619.4601524433501,-619.4601524433501,pass,365.0
2.5834985760449163,1.0,924781.730018445,1189.6559077471989,-1189.6559077471989,pass,366.0
0.001,69.45257784125086,870475.1028331016,1188.6493403832187,-1188.6493403832187,pass,367.0
2.9312735777751344,173.1083581095059,903609.8714755526,609.3480491678702,-609.3480491678702,pass,368.0
0.2773923293421663,1.0,967593.7239282153,1189.717443845357,-1189.717443845357,pass,369.0
6.777606986798441,1.0,654490.673134089,1191.7701671694854,-1191.7701671694854,pass,370.0
2.5236324064769624,3.533745570840189,711599.9897989054,1186.8983749659706,-1186.8983749659706,pass,371.0
0.14700456642888327,115.24949856325941,826048.3328536483,834.5115895026487,-834.5115895026487,pass,372.0
2.611045845218489,120.27377369700264,897001.6476288189,665.7682288932456,-665.7682288932456,pass,373.0
0.001,4.14067802116638,434116.34145992476,1194.5316251544573,-1194.5316251544573,pass,374.0
3.328997448060667,122.60033731857831,709553.035526467,656.1917277433033,-656.1917277433033,pass,375.0
0.001,1.0,443768.51870756096,1194.436947264478,-1194.436947264478,pass,376.0
5.350202980420592,147.07470344025643,706627.8048591871,564.8589531701754,-564.8589531701754,pass,377.0
6.839107990899613,19.20640816646904,839021.3758489265,764.3606811798018,-764.3606811798018,pass,378.0
7.962725997605851,1.0,870546.4383489265,1189.8940573054974,-1189.8940573054974,pass,379.0
6.222467236524661,228.53835866878165,365903.8597554615,inf,-1000000.0,orbit_fail,380.0
4.052656699588868,152.62813137045407,495798.63637478324,602.2373223246493,-602.2373223246493,pass,381.0
0.001,205.18734377905366,250913.37677949367,1170.425563507415,-1170.425563507415,pass,382.0
7.54153780194539,108.43408638441912,571424.6952724741,608.8274450681163,-608.8274450681163,pass,383.0
0.7585480633918595,1.0,302765.6212882907,1196.1343971706344,-1196.1343971706344,pass,384.0
1.4407586741062555,93.23349405801747,701011.453083599,718.8310161205228,-718.8310161205228,pass,385.0
4.987190865613346,1.0,661261.07775549,1189.9542835416046,-1189.9542835416046,pass,386.0
0.001,216.67108824125052,832882.8506006565,1180.580042016993,-1180.580042016993,pass,387.0
0.001,39.75983835455652,867885.7122081016,1189.67039401617,-1189.67039401617,pass,388.0
7.106944201817518,233.08340914587586,914408.6438048664,378.2326057951542,-378.2326057951542,pass,389.0
1.1030235563422677,211.61284451061525,1000000.0,inf,-1000000.0,orbit_fail,390.0
3.2834987425920286,229.37119217589066,705400.4100118594,493.4829853339161,-493.4829853339161,pass,391.0
3.6616063517117867,112.88224108957075,1000000.0,673.2536632324078,-673.2536632324078,pass,392.0
0.5435082520001635,1.0,1000000.0,1190.1885046279092,-1190.1885046279092,pass,393.0
7.747680297932163,52.706657161010654,451914.22855298466,705.1637425717026,-705.1637425717026,pass,394.0
3.804087812589077,69.83691410463516,271859.5119803946,702.8885067748525,-702.8885067748525,pass,395.0
4.320491639869616,218.07463667475017,1000000.0,446.1957045662777,-446.1957045662777,pass,396.0
0.001,31.83533416805956,385622.4261773346,1194.3047543349044,-1194.3047543349044,pass,397.0
6.404311432935405,1.0,1000000.0,1190.0133996319555,-1190.0133996319555,pass,398.0
0.6106115336095983,1.0,288441.6765269921,1196.382527347986,-1196.382527347986,pass,399.0
7.747680297932163,53.62821935583487,327040.96292798466,695.5594713358081,-695.5594713358081,pass,400.0
0.001,229.39474148362223,962955.4839089933,1181.5131047822695,-1181.5131047822695,pass,401.0
4.427772296137953,1.0,881749.5792537734,1189.9542852320392,-1189.9542852320392,pass,402.0
5.598107565616596,58.32743586776306,444582.58001697774,724.8351835145103,-724.8351835145103,pass,403.0
5.295215194381994,220.36673119589273,1000000.0,439.05009879324757,-439.05009879324757,pass,404.0
0.9156798592467061,57.73481256781241,1000000.0,746.9450345628492,-746.9450345628492,pass,405.0
5.245992369991264,158.93796647640326,778053.7930338299,542.216572945744,-542.216572945744,pass,406.0
4.8324691666897035,81.3071882844226,389232.28752246604,678.2948965370781,-678.2948965370781,pass,407.0
0.001,53.40584933044535,714740.9755004622,1190.3280005455454,-1190.3280005455454,pass,408.0
0.001,78.46043761317665,1000000.0,1188.5300563341232,-1188.5300563341232,pass,409.0
1.0242180137141808,9.752132127202401,697585.5888434708,1162.8818978632296,-1162.8818978632296,pass,410.0
1.8180948659104503,137.31303197816754,1000000.0,703.2740325272044,-703.2740325272044,pass,411.0
5.542518173854678,178.71832053124606,684424.1709882383,516.4683222636195,-516.4683222636195,pass,412.0
2.7228269970687498,9.090864068677213,539669.1944554711,1114.6022373822889,-1114.6022373822889,pass,413.0
4.977122832396117,237.93514323650112,766778.1511002536,373.8517217289029,-373.8517217289029,pass,414.0
5.745918044674363,1.0766944107534755,797554.8567438079,1190.5436000240115,-1190.5436000240115,pass,415.0
7.198005647408795,30.641455488753977,977903.7411042664,723.4943915721394,-723.4943915721394,pass,416.0
8.017653705970835,24.314854099668096,998454.1965472244,725.7349260932576,-725.7349260932576,pass,417.0
0.10719187125532947,220.70585859648037,668814.6236357731,724.7475973055547,-724.7475973055547,pass,418.0
7.120525319437347,31.07752001606687,297262.2123006927,735.5696654705973,-735.5696654705973,pass,419.0
5.166107314876267,21.05926347126968,571500.8043476733,735.7596514536544,-735.7596514536544,pass,420.0
4.369528605558423,29.945646956056265,1000000.0,727.1761562657331,-727.1761562657331,pass,421.0
5.5454686097449395,239.4319605997764,1000000.0,332.49115205173837,-332.49115205173837,pass,422.0
6.211328064918976,126.88544453526262,234678.13097374374,611.3654174928943,-611.3654174928943,pass,423.0
0.9874407913209606,1.0,1000000.0,1188.5236397202164,-1188.5236397202164,pass,424.0
3.921191625079146,126.69980912352034,488478.6831298259,637.7891178217084,-637.7891178217084,pass,425.0
1.9771246599766168,113.28253580606435,629539.499958599,710.8527895237532,-710.8527895237532,pass,426.0
0.6639560037484298,24.704884362794964,362338.22166032385,945.2252695743081,-945.2252695743081,pass,427.0
9.118022058331182,188.28178967324808,381918.3761438541,427.68176167729916,-427.68176167729916,pass,428.0
0.001,197.7846869261482,1000000.0,1183.7491229826462,-1183.7491229826462,pass,429.0
2.9913214459781887,40.85054060207989,460017.754945538,732.9455096467476,-732.9455096467476,pass,430.0
0.8736729679870288,1.710795947743165,253343.28875303006,1196.3099347173347,-1196.3099347173347,pass,431.0
0.001,202.8522052287351,967613.9032257283,1182.815522025385,-1182.815522025385,pass,432.0
5.166107314876267,1.0,571500.8043476733,1192.7025803748493,-1192.7025803748493,pass,433.0
5.855423276110937,95.6416996907412,908130.2015828643,652.0631690683587,-652.0631690683587,pass,434.0
7.118601577646126,1.0,734338.061651598,1190.9987120778242,-1190.9987120778242,pass,435.0
0.001,126.96541393159677,546946.6683515459,1186.8438038891716,-1186.8438038891716,pass,436.0
0.7310704442072309,1.0,887581.8401679917,1185.3497542105333,-1185.3497542105333,pass,437.0
1.3035367797761621,1.0,291436.22109555156,1196.1858428754433,-1196.1858428754433,pass,438.0
4.734808808312149,157.56452434688262,948454.9031918047,555.2262981075368,-555.2262981075368,pass,439.0
3.0694825372603445,1.0,632015.7327017928,1192.1837999552017,-1192.1837999552017,pass,440.0
0.6879539938974775,8.06138712388919,905867.1995429917,inf,-1000000.0,orbit_fail,441.0
0.001,101.99251950766396,573016.7285219436,1188.3209455834135,-1188.3209455834135,pass,442.0
0.001,164.24256655012505,266322.55979712034,1178.2292209185339,-1178.2292209185339,pass,443.0
0.001,210.85356152297135,972391.6704040859,1182.5311362624423,-1182.5311362624423,pass,444.0
3.410402424812311,188.2578863925706,1000000.0,541.8626320503547,-541.8626320503547,pass,445.0
0.001,1.0,320237.2679534152,1194.8826391066982,-1194.8826391066982,pass,446.0
4.479642286230795,1.0,398771.7103675476,1194.5843396968971,-1194.5843396968971,pass,447.0
0.001,163.31189058187798,1000000.0,1185.20904213898,-1185.20904213898,pass,448.0
0.001,142.35005822884904,516231.72043700406,1185.633383652962,-1185.633383652962,pass,449.0
5.254564590793571,140.7325946197138,714204.0117838299,571.5188555832227,-571.5188555832227,pass,450.0
