rho_s,r_s,MBH,ML,chi2,reward,status,proposal_id
0.01,300.0,500000.0,2.0,,,todo,
213.13788158565572,5341.366008904166,2038212.142105868,1.4844152572989708,15.557935117416827,-15.057935117416827,pass_full,1.0
0.01,5341.366008904166,2038212.142105868,1.4844152572989708,72.80098915109961,-72.30098915109961,pass_bh_only,1.0
213.13788158565572,5341.366008904166,0.0,1.4844152572989708,15.131810380311563,-14.631810380311563,pass_halo_only,1.0
213.13788158565572,5341.366008904166,4000000.0,1.4844152572989708,15.858230595082093,-15.358230595082093,pass_bh_up,1.0
213.13788158565572,5341.366008904166,1019106.071052934,1.4844152572989708,15.281041741810574,-14.781041741810574,pass_bh_down,1.0
400.0,5341.366008904166,2038212.142105868,1.4844152572989708,15.915751515219766,-15.415751515219766,pass_halo_up,1.0
106.56894079282786,5341.366008904166,2038212.142105868,1.4844152572989708,15.013229617254424,-14.513229617254424,pass_halo_down,1.0
213.13788158565572,5341.366008904166,2038212.142105868,2.0,15.491265472241293,-14.991265472241293,pass_ml_up,1.0
213.13788158565572,5341.366008904166,2038212.142105868,0.7422076286494854,15.476739072744286,-14.976739072744286,pass_ml_down,1.0
102.8070119132426,7526.936088721111,3535516.7347581745,0.478818348559932,15.479864319661711,-14.979864319661711,pass_full,2.0
0.01,7526.936088721111,3535516.7347581745,0.478818348559932,78.00690213482163,-77.50690213482163,pass_bh_only,2.0
102.8070119132426,7526.936088721111,0.0,0.478818348559932,15.060638936414184,-14.560638936414184,pass_halo_only,2.0
102.8070119132426,7526.936088721111,4000000.0,0.478818348559932,15.559317108803752,-15.059317108803752,pass_bh_up,2.0
102.8070119132426,7526.936088721111,1767758.3673790873,0.478818348559932,15.209570355437616,-14.709570355437616,pass_bh_down,2.0
205.6140238264852,7526.936088721111,3535516.7347581745,0.478818348559932,15.579385822230298,-15.079385822230298,pass_halo_up,2.0
51.4035059566213,7526.936088721111,3535516.7347581745,0.478818348559932,14.439744074503677,-13.939744074503677,pass_halo_down,2.0
102.8070119132426,7526.936088721111,3535516.7347581745,0.957636697119864,15.494258501993633,-14.994258501993633,pass_ml_up,2.0
102.8070119132426,7526.936088721111,3535516.7347581745,0.239409174279966,15.50159088617422,-15.00159088617422,pass_ml_down,2.0
268.2218698751871,6434.451585898716,2894508.6767082694,1.5477053601202484,15.646855884563006,-15.146855884563006,pass_full,3.0
0.01,6434.451585898716,2894508.6767082694,1.5477053601202484,79.89917621247237,-79.39917621247237,pass_bh_only,3.0
268.2218698751871,6434.451585898716,0.0,1.5477053601202484,15.63796591159117,-15.13796591159117,pass_halo_only,3.0
268.2218698751871,6434.451585898716,4000000.0,1.5477053601202484,15.628016047766554,-15.128016047766554,pass_bh_up,3.0
268.2218698751871,6434.451585898716,1447254.3383541347,1.5477053601202484,15.624089218457444,-15.124089218457444,pass_bh_down,3.0
400.0,6434.451585898716,2894508.6767082694,1.5477053601202484,16.32800538129206,-15.828005381292058,pass_halo_up,3.0
134.11093493759356,6434.451585898716,2894508.6767082694,1.5477053601202484,15.555661916340096,-15.055661916340096,pass_halo_down,3.0
268.2218698751871,6434.451585898716,2894508.6767082694,2.0,15.656207933650471,-15.156207933650471,pass_ml_up,3.0
268.2218698751871,6434.451585898716,2894508.6767082694,0.7738526800601242,15.660406918718175,-15.160406918718175,pass_ml_down,3.0
327.4207725076703,979.0852286831797,14215.628832462191,0.6154573078663732,14.239120137539476,-13.739120137539476,pass_full,4.0
0.01,979.0852286831797,14215.628832462191,0.6154573078663732,973.8016703702252,-973.3016703702252,pass_bh_only,4.0
327.4207725076703,979.0852286831797,0.0,0.6154573078663732,14.216487487865363,-13.716487487865363,pass_halo_only,4.0
327.4207725076703,979.0852286831797,28431.257664924382,0.6154573078663732,14.23539691138522,-13.73539691138522,pass_bh_up,4.0
327.4207725076703,979.0852286831797,7107.8144162310955,0.6154573078663732,14.213025878443732,-13.713025878443732,pass_bh_down,4.0
400.0,979.0852286831797,14215.628832462191,0.6154573078663732,14.431893299353883,-13.931893299353883,pass_halo_up,4.0
163.71038625383514,979.0852286831797,14215.628832462191,0.6154573078663732,13.537152675839092,-13.037152675839092,pass_halo_down,4.0
327.4207725076703,979.0852286831797,14215.628832462191,1.2309146157327464,14.193185392444223,-13.693185392444223,pass_ml_up,4.0
327.4207725076703,979.0852286831797,14215.628832462191,0.3077286539331866,14.233446573491614,-13.733446573491614,pass_ml_down,4.0
4.911930775206738,3535.417110591318,741125.9086519921,1.6269831267125825,27.458486437697356,-26.958486437697356,pass_full,5.0
0.01,3535.417110591318,741125.9086519921,1.6269831267125825,152.2376678020922,-151.7376678020922,pass_bh_only,5.0
4.911930775206738,3535.417110591318,0.0,1.6269831267125825,42.11152895803231,-41.61152895803231,pass_halo_only,5.0
4.911930775206738,3535.417110591318,1482251.8173039842,1.6269831267125825,45.92242315195898,-45.42242315195898,pass_bh_up,5.0
4.911930775206738,3535.417110591318,370562.95432599605,1.6269831267125825,59.089719496308355,-58.589719496308355,pass_bh_down,5.0
9.823861550413476,3535.417110591318,741125.9086519921,1.6269831267125825,13.864863696802075,-13.364863696802075,pass_halo_up,5.0
2.455965387603369,3535.417110591318,741125.9086519921,1.6269831267125825,305.68694901893633,-305.18694901893633,pass_halo_down,5.0
4.911930775206738,3535.417110591318,741125.9086519921,2.0,46.223790522103,-45.723790522103,pass_ml_up,5.0
4.911930775206738,3535.417110591318,741125.9086519921,0.8134915633562912,46.5712156992293,-46.0712156992293,pass_ml_down,5.0
244.87268854099005,8994.291254565343,1261471.1177736395,0.931979796564619,16.233396224147057,-15.733396224147057,pass_full,6.0
0.01,8994.291254565343,1261471.1177736395,0.931979796564619,139.22311502230448,-138.72311502230448,pass_bh_only,6.0
244.87268854099005,8994.291254565343,0.0,0.931979796564619,16.25859408514679,-15.75859408514679,pass_halo_only,6.0
244.87268854099005,8994.291254565343,2522942.235547279,0.931979796564619,16.0935725465077,-15.593572546507701,pass_bh_up,6.0
244.87268854099005,8994.291254565343,630735.5588868198,0.931979796564619,16.21988977118997,-15.719889771189969,pass_bh_down,6.0
400.0,8994.291254565343,1261471.1177736395,0.931979796564619,17.132871803312426,-16.632871803312426,pass_halo_up,6.0
122.43634427049503,8994.291254565343,1261471.1177736395,0.931979796564619,15.169862997375352,-14.669862997375352,pass_halo_down,6.0
244.87268854099005,8994.291254565343,1261471.1177736395,1.863959593129238,16.206091721220957,-15.706091721220957,pass_ml_up,6.0
244.87268854099005,8994.291254565343,1261471.1177736395,0.4659898982823095,16.205599430552198,-15.705599430552198,pass_ml_down,6.0
392.1036388850201,5420.6517989880185,969178.4477717214,0.6540350278081506,16.00457765672387,-15.504577656723871,pass_full,7.0
0.01,5420.6517989880185,969178.4477717214,0.6540350278081506,257.96944663599425,-257.46944663599425,pass_bh_only,7.0
392.1036388850201,5420.6517989880185,0.0,0.6540350278081506,16.083868046429956,-15.583868046429956,pass_halo_only,7.0
392.1036388850201,5420.6517989880185,1938356.8955434428,0.6540350278081506,15.920752045900775,-15.420752045900775,pass_bh_up,7.0
392.1036388850201,5420.6517989880185,484589.2238858607,0.6540350278081506,15.981108518749668,-15.481108518749668,pass_bh_down,7.0
400.0,5420.6517989880185,969178.4477717214,0.6540350278081506,16.05679115350595,-15.556791153505952,pass_halo_up,7.0
196.05181944251004,5420.6517989880185,969178.4477717214,0.6540350278081506,15.279702089452627,-14.779702089452627,pass_halo_down,7.0
392.1036388850201,5420.6517989880185,969178.4477717214,1.3080700556163012,15.961538225034142,-15.461538225034142,pass_ml_up,7.0
392.1036388850201,5420.6517989880185,969178.4477717214,0.3270175139040753,15.995715606856193,-15.495715606856193,pass_ml_down,7.0
226.06666300485438,1333.3687991420372,3505034.2357700258,1.0645973390543124,14.137021026294798,-13.637021026294798,pass_full,8.0
0.01,1333.3687991420372,3505034.2357700258,1.0645973390543124,59.8455345061329,-59.3455345061329,pass_bh_only,8.0
226.06666300485438,1333.3687991420372,0.0,1.0645973390543124,14.22193466748047,-13.72193466748047,pass_halo_only,8.0
226.06666300485438,1333.3687991420372,4000000.0,1.0645973390543124,14.220704148847858,-13.720704148847858,pass_bh_up,8.0
226.06666300485438,1333.3687991420372,1752517.1178850129,1.0645973390543124,14.106226792482463,-13.606226792482463,pass_bh_down,8.0
400.0,1333.3687991420372,3505034.2357700258,1.0645973390543124,14.986594420971455,-14.486594420971455,pass_halo_up,8.0
113.03333150242719,1333.3687991420372,3505034.2357700258,1.0645973390543124,13.43728535200923,-12.93728535200923,pass_halo_down,8.0
226.06666300485438,1333.3687991420372,3505034.2357700258,2.0,14.118402264617533,-13.618402264617533,pass_ml_up,8.0
226.06666300485438,1333.3687991420372,3505034.2357700258,0.5322986695271562,14.10080475859545,-13.60080475859545,pass_ml_down,8.0
113.33751394522386,8922.107810909658,3310527.882013158,1.963946846272951,15.625470860296334,-15.125470860296334,pass_full,9.0
0.01,8922.107810909658,3310527.882013158,1.963946846272951,95.84620880422442,-95.34620880422442,pass_bh_only,9.0
113.33751394522386,8922.107810909658,0.0,1.963946846272951,15.065321519388485,-14.565321519388485,pass_halo_only,9.0
113.33751394522386,8922.107810909658,4000000.0,1.963946846272951,15.708876354357743,-15.208876354357743,pass_bh_up,9.0
113.33751394522386,8922.107810909658,1655263.941006579,1.963946846272951,15.221840230158056,-14.721840230158056,pass_bh_down,9.0
226.67502789044772,8922.107810909658,3310527.882013158,1.963946846272951,15.884505213563697,-15.384505213563697,pass_halo_up,9.0
56.66875697261193,8922.107810909658,3310527.882013158,1.963946846272951,14.84769964515191,-14.34769964515191,pass_halo_down,9.0
113.33751394522386,8922.107810909658,3310527.882013158,2.0,15.635033709929411,-15.135033709929411,pass_ml_up,9.0
113.33751394522386,8922.107810909658,3310527.882013158,0.9819734231364755,15.624324857075154,-15.124324857075154,pass_ml_down,9.0
346.8945164317979,1935.0565304755985,1817962.692536356,1.6493290069070548,15.345381779131676,-14.845381779131676,pass_full,10.0
0.01,1935.0565304755985,1817962.692536356,1.6493290069070548,43.05842924445072,-42.55842924445072,pass_bh_only,10.0
346.8945164317979,1935.0565304755985,0.0,1.6493290069070548,15.144108168197832,-14.644108168197832,pass_halo_only,10.0
346.8945164317979,1935.0565304755985,3635925.385072712,1.6493290069070548,15.291514420176487,-14.791514420176487,pass_bh_up,10.0
346.8945164317979,1935.0565304755985,908981.346268178,1.6493290069070548,15.235059740445184,-14.735059740445184,pass_bh_down,10.0
400.0,1935.0565304755985,1817962.692536356,1.6493290069070548,15.534473875593731,-15.034473875593731,pass_halo_up,10.0
173.44725821589896,1935.0565304755985,1817962.692536356,1.6493290069070548,14.25168770958261,-13.75168770958261,pass_halo_down,10.0
346.8945164317979,1935.0565304755985,1817962.692536356,2.0,15.333839728534086,-14.833839728534086,pass_ml_up,10.0
346.8945164317979,1935.0565304755985,1817962.692536356,0.8246645034535274,15.327592512046408,-14.827592512046408,pass_ml_down,10.0
298.8950943806126,9199.597184824317,881879.7188411435,1.9963155763262859,16.63020275259341,-16.13020275259341,pass_full,11.0
0.01,9199.597184824317,881879.7188411435,1.9963155763262859,67.87994615108957,-67.37994615108957,pass_bh_only,11.0
298.8950943806126,9199.597184824317,0.0,1.9963155763262859,16.72422729998539,-16.22422729998539,pass_halo_only,11.0
298.8950943806126,9199.597184824317,1763759.437682287,1.9963155763262859,16.61271720020396,-16.11271720020396,pass_bh_up,11.0
298.8950943806126,9199.597184824317,440939.85942057177,1.9963155763262859,16.68652321478204,-16.18652321478204,pass_bh_down,11.0
400.0,9199.597184824317,881879.7188411435,1.9963155763262859,17.139048376576387,-16.639048376576387,pass_halo_up,11.0
149.4475471903063,9199.597184824317,881879.7188411435,1.9963155763262859,15.232399355615128,-14.732399355615128,pass_halo_down,11.0
298.8950943806126,9199.597184824317,881879.7188411435,2.0,16.611562650426766,-16.111562650426766,pass_ml_up,11.0
298.8950943806126,9199.597184824317,881879.7188411435,0.9981577881631429,16.623692318593783,-16.123692318593783,pass_ml_down,11.0
241.12258013814966,355.18457350165676,2222084.3138577016,0.7753565394648787,13.104176930086206,-12.604176930086206,pass_full,12.0
0.01,355.18457350165676,2222084.3138577016,0.7753565394648787,58.78785504303167,-58.28785504303167,pass_bh_only,12.0
241.12258013814966,355.18457350165676,0.0,0.7753565394648787,13.138620118707507,-12.638620118707507,pass_halo_only,12.0
241.12258013814966,355.18457350165676,4000000.0,0.7753565394648787,13.092644456297668,-12.592644456297668,pass_bh_up,12.0
241.12258013814966,355.18457350165676,1111042.1569288508,0.7753565394648787,13.078603439240396,-12.578603439240396,pass_bh_down,12.0
400.0,355.18457350165676,2222084.3138577016,0.7753565394648787,13.391078606078583,-12.891078606078583,pass_halo_up,12.0
120.56129006907483,355.18457350165676,2222084.3138577016,0.7753565394648787,15.138119628757082,-14.638119628757082,pass_halo_down,12.0
241.12258013814966,355.18457350165676,2222084.3138577016,1.5507130789297574,13.138209294391505,-12.638209294391505,pass_ml_up,12.0
241.12258013814966,355.18457350165676,2222084.3138577016,0.38767826973243935,13.1112527838982,-12.6112527838982,pass_ml_down,12.0
200.84682876737764,5331.217169474584,2650053.559167363,1.0248962273370026,15.682158730528585,-15.182158730528585,pass_full,13.0
0.01,5331.217169474584,2650053.559167363,1.0248962273370026,56.8028332577666,-56.3028332577666,pass_bh_only,13.0
200.84682876737764,5331.217169474584,0.0,1.0248962273370026,15.11738260873642,-14.61738260873642,pass_halo_only,13.0
200.84682876737764,5331.217169474584,4000000.0,1.0248962273370026,15.859363984447794,-15.359363984447794,pass_bh_up,13.0
200.84682876737764,5331.217169474584,1325026.7795836816,1.0248962273370026,15.388839551431982,-14.888839551431982,pass_bh_down,13.0
400.0,5331.217169474584,2650053.559167363,1.0248962273370026,15.9227347006754,-15.4227347006754,pass_halo_up,13.0
100.42341438368882,5331.217169474584,2650053.559167363,1.0248962273370026,14.916287479464465,-14.416287479464465,pass_halo_down,13.0
200.84682876737764,5331.217169474584,2650053.559167363,2.0,15.673640735795264,-15.173640735795264,pass_ml_up,13.0
200.84682876737764,5331.217169474584,2650053.559167363,0.5124481136685013,15.675225031223736,-15.175225031223736,pass_ml_down,13.0
43.95945441151075,7299.3766751844505,3136814.271649092,0.4543214736010023,14.342741721491135,-13.842741721491135,pass_full,14.0
0.01,7299.3766751844505,3136814.271649092,0.4543214736010023,64.07571910673856,-63.57571910673856,pass_bh_only,14.0
43.95945441151075,7299.3766751844505,0.0,0.4543214736010023,14.708736600976172,-14.208736600976172,pass_halo_only,14.0
43.95945441151075,7299.3766751844505,4000000.0,0.4543214736010023,14.314004248463519,-13.814004248463519,pass_bh_up,14.0
43.95945441151075,7299.3766751844505,1568407.135824546,0.4543214736010023,14.511822218475254,-14.011822218475254,pass_bh_down,14.0
87.9189088230215,7299.3766751844505,3136814.271649092,0.4543214736010023,15.22072366055498,-14.72072366055498,pass_halo_up,14.0
21.979727205755374,7299.3766751844505,3136814.271649092,0.4543214736010023,13.861573049371271,-13.361573049371271,pass_halo_down,14.0
43.95945441151075,7299.3766751844505,3136814.271649092,0.9086429472020046,14.327754860477567,-13.827754860477567,pass_ml_up,14.0
43.95945441151075,7299.3766751844505,3136814.271649092,0.22716073680050114,14.304948701966076,-13.804948701966076,pass_ml_down,14.0
335.4763898893058,4027.2632045503574,1625694.637965642,0.8671993601353001,15.596848295941745,-15.096848295941745,pass_full,15.0
0.01,4027.2632045503574,1625694.637965642,0.8671993601353001,80.3889177858621,-79.8889177858621,pass_bh_only,15.0
335.4763898893058,4027.2632045503574,0.0,0.8671993601353001,15.378593743379094,-14.878593743379094,pass_halo_only,15.0
335.4763898893058,4027.2632045503574,3251389.275931284,0.8671993601353001,15.748756086628383,-15.248756086628383,pass_bh_up,15.0
335.4763898893058,4027.2632045503574,812847.318982821,0.8671993601353001,15.410028884703484,-14.910028884703484,pass_bh_down,15.0
400.0,4027.2632045503574,1625694.637965642,0.8671993601353001,15.495837123524499,-14.995837123524499,pass_halo_up,15.0
167.7381949446529,4027.2632045503574,1625694.637965642,0.8671993601353001,15.214552568855106,-14.714552568855106,pass_halo_down,15.0
335.4763898893058,4027.2632045503574,1625694.637965642,1.7343987202706002,15.612449390068619,-15.112449390068619,pass_ml_up,15.0
335.4763898893058,4027.2632045503574,1625694.637965642,0.43359968006765004,15.585819107082562,-15.085819107082562,pass_ml_down,15.0
366.80707699511606,4906.793667430627,3863953.478450081,0.3254977469476743,15.60852462643398,-15.10852462643398,pass_full,16.0
0.01,4906.793667430627,3863953.478450081,0.3254977469476743,55.93748786106678,-55.43748786106678,pass_bh_only,16.0
366.80707699511606,4906.793667430627,0.0,0.3254977469476743,15.630024418210086,-15.130024418210086,pass_halo_only,16.0
366.80707699511606,4906.793667430627,4000000.0,0.3254977469476743,15.703601678364752,-15.203601678364752,pass_bh_up,16.0
366.80707699511606,4906.793667430627,1931976.7392250404,0.3254977469476743,15.608615076415063,-15.108615076415063,pass_bh_down,16.0
400.0,4906.793667430627,3863953.478450081,0.3254977469476743,15.757975340256216,-15.257975340256216,pass_halo_up,16.0
183.40353849755803,4906.793667430627,3863953.478450081,0.3254977469476743,15.719374134180878,-15.219374134180878,pass_halo_down,16.0
366.80707699511606,4906.793667430627,3863953.478450081,0.6509954938953486,15.730531576639015,-15.230531576639015,pass_ml_up,16.0
366.80707699511606,4906.793667430627,3863953.478450081,0.2,15.680869012902042,-15.180869012902042,pass_ml_down,16.0
144.82584011543605,451.5996385947485,1342949.9356580651,0.9329194137130663,12.95497786547949,-12.45497786547949,pass_full,17.0
0.01,451.5996385947485,1342949.9356580651,0.9329194137130663,135.04326625840636,-134.54326625840636,pass_bh_only,17.0
144.82584011543605,451.5996385947485,0.0,0.9329194137130663,13.034240788884922,-12.534240788884922,pass_halo_only,17.0
144.82584011543605,451.5996385947485,2685899.8713161303,0.9329194137130663,12.954456916245663,-12.454456916245663,pass_bh_up,17.0
144.82584011543605,451.5996385947485,671474.9678290326,0.9329194137130663,13.487808323841005,-12.987808323841005,pass_bh_down,17.0
289.6516802308721,451.5996385947485,1342949.9356580651,0.9329194137130663,13.232020909649865,-12.732020909649865,pass_halo_up,17.0
