ra,dec,vlos,vlos_err,has_vlos,vlos_src,x_pc,y_pc,r_pc,preprocess_mode
151.55825,15.910027777777778,-254.8,4.6,True,SIMON,-80.40262923265178,-68.99393192143438,105.94689910281845,dwarf
151.5593333333333,16.073527777777777,-274.7,2.4,True,SIMON,-79.98476956205737,-3.3608254001888938,80.05534653766713,dwarf
151.559625,16.01413888888889,-57.900000000000006,3.3,True,SIMON,-79.87226888150629,-27.201053355067508,84.37699117594124,dwarf
151.56,16.003611111111113,-137.9,2.2,True,SIMON,-79.72762514937482,-31.42717421329938,85.6980833565856,dwarf
151.56158333333335,15.920194444444444,-162.8,2.9,True,SIMON,-79.1169071692783,-64.91277035385473,102.3384226722519,dwarf
151.56195833333334,16.149638888888887,-178.9,2.9,True,SIMON,-78.97226343714684,27.192132783334433,83.52263452317946,dwarf
151.56316666666666,15.93238888888889,-153.7,2.6,True,SIMON,-78.5061891891818,-60.017606615692166,98.81970878768861,dwarf
151.56470833333333,16.015805555555556,-214.7,2.7,True,SIMON,-77.9115427348755,-26.532010475136815,82.3052615036311,dwarf
151.570625,16.090083333333332,-218.0,2.4,True,SIMON,-75.62938607239153,3.2850005404616023,75.70069528239277,dwarf
151.57229166666667,15.935166666666667,-206.3,2.4,True,SIMON,-74.98652504071461,-58.90253514913974,95.35453625642234,dwarf
151.57366666666667,16.138916666666667,-148.8,2.5,True,SIMON,-74.45616468956912,22.887956922444552,77.89466626389715,dwarf
151.57608333333334,15.889888888888889,-242.6,7.4,True,SIMON,-73.52401619362925,-77.07820005393695,106.52149961766303,dwarf
151.57808333333332,16.060833333333335,60.60000000000002,3.1,True,SIMON,-72.75258295561106,-8.456702002330285,73.24243398105558,dwarf
151.57975,15.977166666666667,-150.4,2.2,True,SIMON,-72.10972192393415,-42.04265457487505,83.47093386113139,dwarf
151.58091666666667,15.998444444444443,-83.2,2.3,True,SIMON,-71.6597192017495,-33.50120714108695,79.10402161700505,dwarf
151.58208333333332,16.032999999999998,-212.6,3.1,True,SIMON,-71.20971647957468,-19.62971809718217,73.86575359174407,dwarf
151.58225000000002,16.0305,-214.5,2.2,True,SIMON,-71.14543037639423,-20.63328241707757,74.07701807406424,dwarf
151.58329166666667,16.011694444444444,97.5,4.3,True,SIMON,-70.74364223159984,-28.182316245634055,76.15054737269801,dwarf
151.5835833333333,16.085527777777777,-97.0,8.5,True,SIMON,-70.6311415510684,1.4562833353156668,70.64615288860236,dwarf
151.58541666666665,16.0785,-262.5,2.2,True,SIMON,-69.92399441621103,-1.3648474750606043,69.93731338669288,dwarf
151.585875,16.06986111111111,-157.1,2.2,True,SIMON,-69.74720763249914,-4.832719736037438,69.91443450803297,dwarf
151.58625,16.099444444444444,13.300000000000011,2.3,True,SIMON,-69.60256390035785,7.042791382741608,69.95797175421981,dwarf
151.58670833333332,16.142527777777776,-176.5,2.8,True,SIMON,-69.42577711665578,24.33754982896169,73.56802878920135,dwarf
151.58733333333333,16.113916666666668,-141.5,3.0,True,SIMON,-69.18470422977325,12.852313723477781,70.36835416156825,dwarf
151.59316666666666,16.081194444444446,6.400000000000006,3.2,True,SIMON,-66.9346906188795,-0.2832281525046443,66.93528984348605,dwarf
151.59520833333335,15.945277777777777,15.900000000000006,37.8,True,SIMON,-66.14718585506128,-54.84367501089149,85.92600820033654,dwarf
151.59691666666666,15.988999999999999,14.0,8.7,True,SIMON,-65.48825329759416,-37.29245012736343,75.36204718869931,dwarf
151.59716666666668,15.918,-134.9,2.3,True,SIMON,-65.3918241428333,-65.79367681243059,92.7625925318272,dwarf
151.597875,16.009083333333333,-264.9,2.4,True,SIMON,-65.11860820438018,-29.230483424193544,71.378248057007,dwarf
151.599,16.055611111111112,-146.7,2.9,True,SIMON,-64.68467700798575,-10.553036359447987,65.53986585301554,dwarf
151.60708333333332,15.90613888888889,36.30000000000001,5.6,True,SIMON,-61.56680100432276,-70.55503197460727,93.64018113418904,dwarf
151.61058333333335,16.04452777777778,-170.2,2.4,True,SIMON,-60.21679283777866,-15.002171510988816,62.05745152447912,dwarf
151.61141666666666,15.971694444444445,-222.7,2.7,True,SIMON,-59.89536232194511,-44.23934536398216,74.4618970071994,dwarf
151.61429166666665,15.963805555555554,-35.599999999999994,3.9,True,SIMON,-58.78642704229334,-47.40614832898948,75.51944718937652,dwarf
151.61429166666665,15.963805555555554,-16.900000000000006,8.7,True,SIMON,-58.78642704229334,-47.40614832898948,75.51944718937652,dwarf
151.615125,16.245333333333335,-193.4,2.2,True,SIMON,-58.46499652644017,65.6063448060501,87.8768928538498,dwarf
151.6172083333333,16.135055555555557,-89.2,2.3,True,SIMON,-57.66142023685138,21.338007583938,61.48292406337689,dwarf
151.61837500000001,15.941333333333333,139.10000000000002,2.9,True,SIMON,-57.21141751465693,-56.42707649339451,80.35646368294083,dwarf
151.61837500000001,15.941333333333333,143.7,2.2,True,SIMON,-57.21141751465693,-56.42707649339451,80.35646368294083,dwarf
151.62116666666668,16.106611111111114,-7.099999999999994,14.2,True,SIMON,-56.134625286585575,9.919675766447034,57.004351793321966,dwarf
151.62574999999998,16.188583333333334,-245.2,2.2,True,SIMON,-54.36675744946669,42.82543474439349,69.20810773757253,dwarf
151.62641666666667,16.11227777777778,-264.6,2.2,True,SIMON,-54.10961303679396,12.194421558212154,55.46669397152648,dwarf
151.62820833333333,16.214055555555554,-270.5,2.5,True,SIMON,-53.41853742772679,53.050640092674016,75.28552686379952,dwarf
151.62870833333332,16.25336111111111,113.0,8.8,True,SIMON,-53.22567911823451,68.82890134438402,87.0079914598206,dwarf
151.629,15.928777777777777,-3.5,11.8,True,SIMON,-53.113178437683445,-61.467199522209306,81.23562236393767,dwarf
151.629,15.928777777777777,-16.5,8.7,True,SIMON,-53.113178437683445,-61.467199522209306,81.23562236393767,dwarf
151.6315,16.204777777777778,-216.3,2.3,True,SIMON,-52.148886890163155,49.326301394390484,71.78154646657649,dwarf
151.63162499999999,15.96713888888889,-147.8,3.0,True,SIMON,-52.10067231278273,-46.06806256912682,69.54672130529913,dwarf
151.63266666666664,16.107305555555556,2.4000000000000057,5.2,True,SIMON,-51.69888416798834,10.198443633083865,52.69518836433042,dwarf
151.63641666666666,16.155527777777777,-246.9,4.5,True,SIMON,-50.25244684669319,29.556084292425176,58.29983304247677,dwarf
151.6374583333333,15.983888888888888,-44.099999999999994,5.7,True,SIMON,-49.850658701898794,-39.344181625819594,63.506320951686995,dwarf
151.63895833333333,16.05761111111111,2.5,11.9,True,SIMON,-49.27208377337289,-9.750184903530135,50.22752577047075,dwarf
151.64008333333334,16.152472222222222,-200.6,2.2,True,SIMON,-48.838152576988264,28.32950567921827,56.459950754158875,dwarf
151.64008333333334,16.152472222222222,-205.7,3.3,True,SIMON,-48.838152576988264,28.32950567921827,56.459950754158875,dwarf
151.64008333333334,16.152472222222222,-202.4,2.3,True,SIMON,-48.838152576988264,28.32950567921827,56.459950754158875,dwarf
151.64304166666665,16.209666666666667,-139.6,2.2,True,SIMON,-47.69707424575609,51.2888271755223,70.03966508090801,dwarf
151.64333333333335,16.140777777777778,-120.8,2.8,True,SIMON,-47.58457356519521,23.635054805034528,53.13104042853349,dwarf
151.64491666666666,16.11588888888889,-211.6,2.9,True,SIMON,-46.97385558510851,13.644014464729292,48.91525569026878,dwarf
151.64504166666666,15.996888888888888,-369.1,2.9,True,SIMON,-46.92564100772808,-34.12564716235611,58.02219901241072,dwarf
151.64533333333333,16.238111111111113,-233.6,3.3,True,SIMON,-46.81314032718683,62.707158993014545,78.25380435651734,dwarf
151.64554166666665,15.9545,-137.7,2.2,True,SIMON,-46.7327826982358,-51.141637741938084,69.27784703386901,dwarf
151.64804166666664,16.039194444444448,-206.1,2.2,True,SIMON,-45.76849115070571,-17.14310872676933,48.873724628168674,dwarf
151.648125,16.070833333333333,-137.8,2.5,True,SIMON,-45.73634809911549,-4.442444722743577,45.951592492079065,dwarf
151.648125,16.070833333333333,-138.8,2.2,True,SIMON,-45.73634809911549,-4.442444722743577,45.951592492079065,dwarf
151.650375,16.108,-13.400000000000006,5.6,True,SIMON,-44.86848570634625,10.477211499721973,46.07551378325047,dwarf
151.65104166666666,16.046194444444446,-228.7,2.7,True,SIMON,-44.61134129367351,-14.333128631058123,46.857340389474494,dwarf
151.65108333333333,16.028333333333332,-7.699999999999989,3.8,True,SIMON,-44.595269767873496,-21.503038160988364,49.50877433165088,dwarf
151.65108333333333,16.028333333333332,4.199999999999989,15.8,True,SIMON,-44.595269767873496,-21.503038160988364,49.50877433165088,dwarf
151.651875,15.92611111111111,-107.4,2.3,True,SIMON,-44.28991077783015,-62.5376681301002,76.63260488759798,dwarf
151.65270833333332,16.198527777777777,-336.6,15.9,True,SIMON,-43.96848026198678,46.81739059464879,64.22690494364983,dwarf
151.65291666666667,16.150305555555555,-195.2,2.9,True,SIMON,-43.88812263302594,27.459749935307475,51.77069803239225,dwarf
151.65291666666667,16.150305555555555,-192.4,2.3,True,SIMON,-43.88812263302594,27.459749935307475,51.77069803239225,dwarf
151.65504166666668,16.105805555555555,22.69999999999999,7.4,True,SIMON,-43.06847481762732,9.596305041144838,44.124625704466894,dwarf
151.65504166666668,16.105805555555555,4.800000000000011,4.4,True,SIMON,-43.06847481762732,9.596305041144838,44.124625704466894,dwarf
151.65620833333332,16.19863888888889,20.0,2.5,True,SIMON,-42.618472095452496,46.8619934533116,63.343354775138664,dwarf
151.65620833333332,16.19863888888889,14.5,4.9,True,SIMON,-42.618472095452496,46.8619934533116,63.343354775138664,dwarf
151.65712499999998,15.985222222222221,-45.80000000000001,4.4,True,SIMON,-42.264898528028716,-38.80894732187479,57.37992715067366,dwarf
151.6575,16.039611111111114,-151.1,2.3,True,SIMON,-42.12025479589724,-16.9758480067857,45.41250135833518,dwarf
151.65791666666667,15.992888888888888,-233.3,3.0,True,SIMON,-41.95953953797556,-35.73135007419054,55.11199811622956,dwarf
151.65870833333335,15.960333333333333,-209.1,2.4,True,SIMON,-41.65418054791258,-48.79998766218002,64.16003080537774,dwarf
151.659125,15.997555555555556,-175.2,8.1,True,SIMON,-41.493465290010526,-33.85803001038307,53.55440092053415,dwarf
151.65975,16.196638888888888,-61.599999999999994,21.9,True,SIMON,-41.252392403118186,46.05914199739375,61.83206644223468,dwarf
151.65975,16.196638888888888,-89.8,3.2,True,SIMON,-41.252392403118186,46.05914199739375,61.83206644223468,dwarf
151.66116666666667,16.161805555555553,-127.4,2.2,True,SIMON,-40.70596052619232,32.07614580683066,51.82522891585707,dwarf
151.66116666666667,16.161805555555553,-127.7,2.3,True,SIMON,-40.70596052619232,32.07614580683066,51.82522891585707,dwarf
151.66120833333332,16.009416666666667,-183.3,2.2,True,SIMON,-40.68988900040211,-29.096674848206384,50.02283032863385,dwarf
151.66120833333332,16.009416666666667,-188.3,2.2,True,SIMON,-40.68988900040211,-29.096674848206384,50.02283032863385,dwarf
151.66145833333331,16.103805555555557,4.900000000000006,7.4,True,SIMON,-40.59345984565107,8.793453585228262,41.534970906406684,dwarf
151.66154166666666,16.234055555555557,-198.0,2.3,True,SIMON,-40.561316794060836,61.07915465184871,73.32041702726883,dwarf
151.66162500000002,16.172833333333333,-203.5,2.5,True,SIMON,-40.52917374247062,36.50297952904391,54.544307115822534,dwarf
151.66204166666665,15.90911111111111,-190.3,2.4,True,SIMON,-40.368458484558744,-69.36190550539683,80.25388698224617,dwarf
151.663875,16.002388888888888,-2.5999999999999943,2.5,True,SIMON,-39.66131134971119,-31.91780565858393,50.90938946832757,dwarf
151.663875,16.002388888888888,-8.800000000000011,2.5,True,SIMON,-39.66131134971119,-31.91780565858393,50.90938946832757,dwarf
151.663875,16.002388888888888,0.4000000000000057,4.4,True,SIMON,-39.66131134971119,-31.91780565858393,50.90938946832757,dwarf
151.66754166666666,15.973944444444445,7.800000000000011,6.3,True,SIMON,-38.247017080006266,-43.336137476074896,57.800130855072936,dwarf
151.66754166666666,15.973944444444445,17.30000000000001,5.9,True,SIMON,-38.247017080006266,-43.336137476074896,57.800130855072936,dwarf
151.66820833333333,16.176305555555558,-23.900000000000006,2.9,True,SIMON,-37.989872667333536,37.89681886223445,53.660034524376,dwarf
151.66820833333333,16.176305555555558,-27.5,2.3,True,SIMON,-37.989872667333536,37.89681886223445,53.660034524376,dwarf
151.66820833333333,16.176305555555558,-27.400000000000006,2.3,True,SIMON,-37.989872667333536,37.89681886223445,53.660034524376,dwarf
151.66858333333332,16.043916666666668,-3.4000000000000057,6.4,True,SIMON,-37.84522893520206,-15.247487233631729,40.801313950626856,dwarf
151.66858333333332,16.043916666666668,2.6999999999999886,9.0,True,SIMON,-37.84522893520206,-15.247487233631729,40.801313950626856,dwarf
151.66958333333332,16.110555555555557,-311.7,5.6,True,SIMON,-37.45951231619787,11.503077248950056,39.185913912561645,dwarf
151.66958333333332,16.110555555555557,-316.6,3.3,True,SIMON,-37.45951231619787,11.503077248950056,39.185913912561645,dwarf
151.66979166666667,15.992416666666665,23.19999999999999,6.9,True,SIMON,-37.379154687227214,-35.920912223505574,51.84123011754691,dwarf
151.66979166666667,15.992416666666665,4.400000000000006,4.4,True,SIMON,-37.379154687227214,-35.920912223505574,51.84123011754691,dwarf
151.671125,16.168000000000003,-120.6,2.5,True,SIMON,-36.86486586188175,34.562755177244775,50.53318098493994,dwarf
151.6726666666667,16.193194444444444,2.4000000000000057,5.1,True,SIMON,-36.27021940756564,44.67645337886955,57.54575833532178,dwarf
151.6726666666667,16.193194444444444,-1.4000000000000057,8.9,True,SIMON,-36.27021940756564,44.67645337886955,57.54575833532178,dwarf
151.6726666666667,16.193194444444444,0.09999999999999432,14.9,True,SIMON,-36.27021940756564,44.67645337886955,57.54575833532178,dwarf
151.67299999999997,16.122055555555555,-342.1,3.3,True,SIMON,-36.141647201244,16.119473120473238,39.57342638818184,dwarf
151.67541666666665,16.182194444444445,-194.3,2.2,True,SIMON,-35.20949870530412,40.260770371323915,53.48493647721091,dwarf
151.67591666666664,16.17791666666667,-149.1,5.4,True,SIMON,-35.01664039580203,38.54356031283373,52.074668949480284,dwarf
151.67816666666667,15.952583333333333,83.89999999999998,6.4,True,SIMON,-34.14877800301316,-51.91103705385947,62.13609906573027,dwarf
151.67816666666667,15.952583333333333,92.10000000000002,5.4,True,SIMON,-34.14877800301316,-51.91103705385947,62.13609906573027,dwarf
151.68087500000001,15.913611111111111,-209.3,6.7,True,SIMON,-33.10412882652222,-67.55548972958358,75.23049606354363,dwarf
151.68112499999998,16.10125,1.4000000000000057,6.4,True,SIMON,-33.0076996717908,7.767587836000178,33.90934470633599,dwarf
151.68141666666668,16.044416666666667,-193.6,2.3,True,SIMON,-32.89519899122992,-15.046774369652905,36.1731880763067,dwarf
151.6820833333333,16.180722222222222,-170.9,2.3,True,SIMON,-32.63805457856701,39.66978249405123,51.37055820018751,dwarf
151.6820833333333,16.180722222222222,-171.2,2.2,True,SIMON,-32.63805457856701,39.66978249405123,51.37055820018751,dwarf
151.68516666666667,16.11991666666667,-178.6,2.8,True,SIMON,-31.448761669944588,15.260868091230062,34.955953791463045,dwarf
151.68516666666667,16.11991666666667,-172.6,4.8,True,SIMON,-31.448761669944588,15.260868091230062,34.955953791463045,dwarf
151.68520833333335,16.01011111111111,-284.4,4.0,True,SIMON,-31.432690144144566,-28.817906981568274,42.64370730243941,dwarf
151.68562500000002,16.024833333333333,1.3000000000000114,7.5,True,SIMON,-31.271974886232698,-22.908028208843966,38.764857405933526,dwarf
151.68562500000002,16.024833333333333,2.9000000000000057,4.0,True,SIMON,-31.271974886232698,-22.908028208843966,38.764857405933526,dwarf
151.68562500000002,16.024833333333333,-11.800000000000011,6.9,True,SIMON,-31.271974886232698,-22.908028208843966,38.764857405933526,dwarf
151.68562500000002,16.024833333333333,2.0,7.6,True,SIMON,-31.271974886232698,-22.908028208843966,38.764857405933526,dwarf
151.68575,15.998305555555556,16.400000000000006,3.0,True,SIMON,-31.223760308852267,-33.55696071441483,45.83658822614788,dwarf
151.68575,15.998305555555556,-1.0,2.3,True,SIMON,-31.223760308852267,-33.55696071441483,45.83658822614788,dwarf
151.68575,15.998305555555556,-7.099999999999994,2.2,True,SIMON,-31.223760308852267,-33.55696071441483,45.83658822614788,dwarf
151.68575,15.998305555555556,11.199999999999989,2.3,True,SIMON,-31.223760308852267,-33.55696071441483,45.83658822614788,dwarf
151.68633333333332,15.968444444444444,-187.7,2.5,True,SIMON,-30.998758947769765,-45.543978979848355,55.09244120220854,dwarf
151.68699999999998,16.19913888888889,-243.1,2.2,True,SIMON,-30.741614535106844,47.06270631729043,56.213389776214534,dwarf
151.687625,16.227416666666667,-194.9,2.2,True,SIMON,-30.500541648214508,58.41413384678845,65.89760294506155,dwarf
151.68824999999998,16.142527777777776,-69.6,2.4,True,SIMON,-30.259468761341793,24.33754982896169,38.83235482681694,dwarf
151.68824999999998,16.142527777777776,-68.1,2.2,True,SIMON,-30.259468761341793,24.33754982896169,38.83235482681694,dwarf
151.68908333333334,16.11013888888889,-150.1,2.2,True,SIMON,-29.938038245488617,11.335816528966426,32.01229248846023,dwarf
151.6893333333333,16.106527777777778,-232.7,2.2,True,SIMON,-29.841609090747383,9.886223622449286,31.436587770272574,dwarf
151.6893333333333,16.106527777777778,-230.0,2.2,True,SIMON,-29.841609090747383,9.886223622449286,31.436587770272574,dwarf
151.68941666666666,16.18488888888889,-217.0,2.2,True,SIMON,-29.809466039157154,41.3423896938786,50.96859279144543,dwarf
151.68941666666666,16.18488888888889,-211.8,2.2,True,SIMON,-29.809466039157154,41.3423896938786,50.96859279144543,dwarf
151.69087499999998,16.172083333333333,-58.900000000000006,3.4,True,SIMON,-29.24696263644108,36.2019102330744,46.53990898122769,dwarf
151.69091666666668,15.995,-216.6,3.1,True,SIMON,-29.230891110631248,-34.88389575961115,45.51187953149153,dwarf
151.69116666666665,16.097527777777778,-140.8,2.3,True,SIMON,-29.13446195589983,6.273392070820227,29.80222007726949,dwarf
151.69408333333334,15.968055555555555,-222.0,2.2,True,SIMON,-28.00945515043823,-45.70008898516564,53.60063162945441,dwarf
151.69491666666667,16.102305555555557,86.5,2.9,True,SIMON,-27.688024634594864,8.191314993290511,28.8742852636258,dwarf
151.69683333333333,16.166972222222224,-139.3,3.2,True,SIMON,-26.9487344481669,34.15017873461951,43.502517122165195,dwarf
151.698875,16.073666666666668,-171.4,2.2,True,SIMON,-26.161229684358506,-3.30507182685974,26.369175913904908,dwarf
151.698875,16.073666666666668,-172.8,2.2,True,SIMON,-26.161229684358506,-3.30507182685974,26.369175913904908,dwarf
151.69899999999998,16.03430555555556,-146.2,2.3,True,SIMON,-26.11301510697807,-19.10563450789987,32.35606323282731,dwarf
151.69904166666666,15.99161111111111,-218.5,2.4,True,SIMON,-26.096943581187865,-36.24428294880522,44.662047767122765,dwarf
151.69975,16.13663888888889,-4.199999999999989,6.5,True,SIMON,-25.82372764271512,21.973598319872224,33.907284357320925,dwarf
151.70216666666667,16.166138888888888,98.0,2.6,True,SIMON,-24.891579146775246,33.81565729465352,41.989158013582866,dwarf
151.70216666666667,16.166138888888888,85.5,11.7,True,SIMON,-24.891579146775246,33.81565729465352,41.989158013582866,dwarf
151.70354166666667,15.97786111111111,-207.8,2.3,True,SIMON,-24.361218795639576,-41.76388670823694,48.34967646414475,dwarf
151.70354166666667,15.97786111111111,-220.9,7.0,True,SIMON,-24.361218795639576,-41.76388670823694,48.34967646414475,dwarf
151.70374999999999,16.103694444444447,-156.9,2.2,True,SIMON,-24.280861166678736,8.748850726566726,25.8089637147886,dwarf
151.70437499999997,16.06352777777778,9.0,13.6,True,SIMON,-24.03978827980603,-7.375082679774325,25.145641074973742,dwarf
151.70437499999997,16.06352777777778,-8.599999999999994,5.1,True,SIMON,-24.03978827980603,-7.375082679774325,25.145641074973742,dwarf
151.70558333333332,15.973666666666666,-122.9,2.2,True,SIMON,-23.573714031831184,-43.44764462273065,49.43093987087086,dwarf
151.70558333333332,15.973666666666666,-123.3,2.3,True,SIMON,-23.573714031831184,-43.44764462273065,49.43093987087086,dwarf
151.70679166666667,16.052305555555556,-8.5,9.4,True,SIMON,-23.107639783846523,-11.879971404644307,25.982623750406212,dwarf
151.70679166666667,16.052305555555556,0.30000000000001137,6.7,True,SIMON,-23.107639783846523,-11.879971404644307,25.982623750406212,dwarf
151.70725,16.04641666666667,-123.6,2.7,True,SIMON,-22.930853000144452,-14.243922913733776,26.994691316750114,dwarf
151.70725,16.04641666666667,-126.1,2.2,True,SIMON,-22.930853000144452,-14.243922913733776,26.994691316750114,dwarf
151.70870833333333,15.961527777777777,-20.30000000000001,4.8,True,SIMON,-22.36834959741856,-48.32050693156309,53.24673186060879,dwarf
151.70870833333333,15.961527777777777,-22.0,5.0,True,SIMON,-22.36834959741856,-48.32050693156309,53.24673186060879,dwarf
151.7095833333333,16.11913888888889,-4.800000000000011,6.5,True,SIMON,-22.030847555794804,14.948648080595483,26.623679750631034,dwarf
151.71179166666667,16.064222222222224,104.60000000000002,11.9,True,SIMON,-21.179056688805954,-7.0963148131362175,22.336296160169276,dwarf
151.71266666666668,16.073694444444445,-104.3,3.9,True,SIMON,-20.841554647162567,-3.2939211121946754,21.1002444631342,dwarf
151.71266666666668,16.073694444444445,-110.3,3.2,True,SIMON,-20.841554647162567,-3.2939211121946754,21.1002444631342,dwarf
151.714,15.956055555555555,-192.9,2.2,True,SIMON,-20.327265821826924,-50.517197720670204,54.4535122957234,dwarf
151.71558333333334,16.29977777777778,186.89999999999998,8.9,True,SIMON,-19.7165478417206,87.46174555046804,89.65656246772834,dwarf
151.71758333333332,15.914666666666667,-260.9,2.7,True,SIMON,-18.945114603712224,-67.13176257229325,69.75378780690367,dwarf
151.717625,16.063666666666666,-3.8000000000000114,5.3,True,SIMON,-18.929043077912205,-7.319329106447725,20.294857733276892,dwarf
151.71804166666666,16.043277777777778,3.5,8.8,True,SIMON,-18.76832781999052,-15.503953670938431,24.343843340549892,dwarf
151.71804166666666,16.043277777777778,-5.0,2.3,True,SIMON,-18.76832781999052,-15.503953670938431,24.343843340549892,dwarf
151.71804166666666,16.043277777777778,2.8000000000000114,2.3,True,SIMON,-18.76832781999052,-15.503953670938431,24.343843340549892,dwarf
151.71804166666666,16.043277777777778,8.099999999999994,2.9,True,SIMON,-18.76832781999052,-15.503953670938431,24.343843340549892,dwarf
151.72104166666665,16.162888888888887,-1.3000000000000114,7.0,True,SIMON,-17.611177962968142,32.51102367878605,36.97458924566874,dwarf
151.72104166666665,16.162888888888887,-3.0,3.0,True,SIMON,-17.611177962968142,32.51102367878605,36.97458924566874,dwarf
151.72245833333332,15.995555555555555,-205.6,2.3,True,SIMON,-17.064746086032457,-34.66088146630092,38.63395220530412,dwarf
151.72449999999998,16.048805555555557,-143.8,3.0,True,SIMON,-16.27724132222406,-13.28496145249991,21.01044468487821,dwarf
151.724875,15.815805555555556,-280.9,3.3,True,SIMON,-16.132597590092583,-106.81715606687608,108.02854037345512,dwarf
151.72595833333332,15.922416666666667,60.5,6.2,True,SIMON,-15.71473791949817,-64.02071318061381,65.92120071746973,dwarf
151.726375,16.27075,-62.69999999999999,2.6,True,SIMON,-15.554022661576488,75.80924872499922,77.3884346217549,dwarf
151.72691666666665,16.024055555555556,3.9000000000000057,7.4,True,SIMON,-15.345092826284187,-23.22024821947727,27.83256727686858,dwarf
151.72716666666668,16.22472222222222,-172.9,2.5,True,SIMON,-15.248663671523326,57.332514524232494,59.32570240156087,dwarf
151.72733333333332,16.107305555555556,1.5999999999999943,11.8,True,SIMON,-15.184377568362505,10.198443633083865,18.29135245616844,dwarf
151.72750000000002,16.297055555555556,-388.2,20.4,True,SIMON,-15.120091465182053,86.36897551324574,87.6824788491014,dwarf
151.72866666666667,15.949444444444445,-29.80000000000001,2.2,True,SIMON,-14.670088743007229,-53.17106781106284,55.15771891491118,dwarf
151.730625,15.920694444444443,7.699999999999989,5.9,True,SIMON,-13.914727030779243,-64.7120574898759,66.1911626496627,dwarf
151.73104166666667,16.071166666666667,5.5,3.8,True,SIMON,-13.754011772857561,-4.308636146757694,14.41309076128543,dwarf
151.733875,16.116666666666667,94.0,2.6,True,SIMON,-12.661148018996006,13.956234475363871,18.84359705285224,dwarf
151.73454166666664,16.18347222222222,-90.9,4.1,True,SIMON,-12.404003606333088,40.77370324593732,42.61870694722781,dwarf
151.73458333333332,16.18347222222222,-97.2,3.6,True,SIMON,-12.387932080533067,40.77370324593732,42.6140321680507,dwarf
151.73920833333332,15.968333333333334,-250.5,5.2,True,SIMON,-10.603992717614164,-45.58858183850989,46.80559214027452,dwarf
151.73925,16.05,9.300000000000011,4.2,True,SIMON,-10.587921191814143,-12.805480721882978,16.615788024724665,dwarf
151.73983333333334,16.29302777777778,-227.7,2.7,True,SIMON,-10.362919830731638,84.75212188674625,85.38332548995773,dwarf
151.74008333333333,16.041694444444445,5.300000000000011,5.3,True,SIMON,-10.26649067598059,-16.139544406872652,19.12813959749904,dwarf
151.74075,16.12661111111111,-124.4,2.2,True,SIMON,-10.00934626330786,17.948190325619173,20.55053645488226,dwarf
151.74075,16.12661111111111,-124.9,2.2,True,SIMON,-10.00934626330786,17.948190325619173,20.55053645488226,dwarf
151.742125,16.117055555555556,-21.0,2.3,True,SIMON,-9.478985912172194,14.11234448068116,17.000277664337453,dwarf
151.743875,16.016638888888888,-222.2,2.2,True,SIMON,-8.803981828895237,-26.197489035172104,27.637267010170888,dwarf
151.74391666666668,15.963583333333332,82.5,3.6,True,SIMON,-8.787910303095217,-47.49535404631383,48.30151160657341,dwarf
151.74391666666668,16.23752777777778,-129.6,2.2,True,SIMON,-8.787910303095217,62.472993985037974,63.08805231539358,dwarf
151.745625,15.9145,-73.6,2.5,True,SIMON,-8.128977745628093,-67.1986668602862,67.68855964628472,dwarf
151.745625,15.9145,-73.4,2.3,True,SIMON,-8.128977745628093,-67.1986668602862,67.68855964628472,dwarf
151.74591666666666,16.166555555555554,-228.1,2.4,True,SIMON,-8.01647706508684,33.98291801463588,34.91565009167847,dwarf
151.74624999999997,16.076944444444443,16.19999999999999,6.2,True,SIMON,-7.887904858755383,-1.9892874963297613,8.134882162873087,dwarf
151.7465,16.115222222222222,4.800000000000011,6.8,True,SIMON,-7.791475703994521,13.37639731275625,15.48015176652508,dwarf
151.7465,16.115222222222222,-6.400000000000006,5.7,True,SIMON,-7.791475703994521,13.37639731275625,15.48015176652508,dwarf
151.74733333333333,16.18163888888889,-226.5,2.4,True,SIMON,-7.470045188151154,40.037756078013686,40.72865682631262,dwarf
151.74791666666667,16.067694444444445,-191.6,2.5,True,SIMON,-7.245043827058835,-5.702475479946956,9.22002639125288,dwarf
151.74870833333333,16.202944444444444,-207.2,10.0,True,SIMON,-6.939684837015489,48.59035422646685,49.083416236959586,dwarf
151.749,16.038472222222225,-3.9000000000000057,4.9,True,SIMON,-6.827184156474237,-17.433027308072504,18.72220298550399,dwarf
151.7495833333333,15.857277777777778,-227.4,2.6,True,SIMON,-6.602182795391731,-90.16913907125657,90.41052183521215,dwarf
151.7495833333333,15.857277777777778,-220.7,2.7,True,SIMON,-6.602182795391731,-90.16913907125657,90.41052183521215,dwarf
151.74975,16.153388888888887,-228.8,2.2,True,SIMON,-6.537896692211281,28.69747926317945,29.432794791161808,dwarf
151.74979166666665,16.06908333333333,-35.80000000000001,4.9,True,SIMON,-6.521825166421075,-5.1449397466720175,8.306901257282934,dwarf
151.74979166666665,16.06908333333333,-10.699999999999989,13.0,True,SIMON,-6.521825166421075,-5.1449397466720175,8.306901257282934,dwarf
151.750625,15.848,-330.5,7.5,True,SIMON,-6.200394650577709,-93.89347776953882,94.09798117644073,dwarf
151.7525,15.863388888888888,-142.0,2.2,True,SIMON,-5.4771759899399495,-87.71598184484148,87.88681885145995,dwarf
151.7525,15.863388888888888,-140.1,2.2,True,SIMON,-5.4771759899399495,-87.71598184484148,87.88681885145995,dwarf
151.753,16.102722222222223,-4.099999999999994,10.0,True,SIMON,-5.284317680437855,8.358575713272865,9.888872600165456,dwarf
151.75375,16.06688888888889,9.800000000000011,13.1,True,SIMON,-4.995030216174899,-6.025846205246599,7.826950194666189,dwarf
151.754375,16.081527777777776,9.800000000000011,5.2,True,SIMON,-4.75395732928256,-0.14941957651876114,4.756304920680172,dwarf
151.75558333333333,16.033333333333335,1.1999999999999886,2.7,True,SIMON,-4.287883081317531,-19.49590952119373,19.96187439539738,dwarf
151.75558333333333,16.033333333333335,9.599999999999994,5.1,True,SIMON,-4.287883081317531,-19.49590952119373,19.96187439539738,dwarf
151.75575,16.13191666666667,-99.5,3.4,True,SIMON,-4.223596978146895,20.077976826734623,20.517405413177958,dwarf
151.75583333333333,16.077944444444444,14.199999999999989,6.3,True,SIMON,-4.191453926566484,-1.5878617683708351,4.4821413424816665,dwarf
151.75595833333335,16.04288888888889,-209.7,2.4,True,SIMON,-4.143239349186054,-15.66006367625572,16.198889673339576,dwarf
151.756125,16.051222222222222,-7.099999999999994,6.1,True,SIMON,-4.078953246025231,-12.314849276599704,12.97279354220316,dwarf
151.757125,16.135666666666665,-243.3,2.4,True,SIMON,-3.693236627011229,21.58332330657836,21.89702814857272,dwarf
151.7579166666667,16.144972222222222,-85.0,3.7,True,SIMON,-3.387877636958068,25.31881271952696,25.544470877461542,dwarf
151.75829166666665,15.826,-58.900000000000006,16.7,True,SIMON,-3.243233904836405,-102.7248437846301,102.77602880408513,dwarf
151.7587916666667,15.946361111111111,11.199999999999989,7.5,True,SIMON,-3.050375595314682,-54.408797138936094,54.49423820348709,dwarf
151.759625,16.28911111111111,-89.1,6.0,True,SIMON,-2.728945079490944,83.17987111890702,83.22462436445633,dwarf
151.76004166666667,16.252388888888888,-96.8,2.4,True,SIMON,-2.568229821569261,68.43862633109016,68.48679711085185,dwarf
151.76025,15.848694444444446,0.4000000000000057,2.4,True,SIMON,-2.487872192598605,-93.61470990290071,93.64776248395347,dwarf
151.76025,15.848694444444446,1.9000000000000057,2.3,True,SIMON,-2.487872192598605,-93.61470990290071,93.64776248395347,dwarf
151.76137500000002,15.83136111111111,-131.0,25.4,True,SIMON,-2.0539409962139863,-100.57275585418579,100.59372691038736,dwarf
151.76233333333334,16.026777777777777,-52.099999999999994,5.9,True,SIMON,-1.6842959030000035,-22.12747818225752,22.1914880842891,dwarf
151.76241666666667,15.883944444444444,-180.4,2.5,True,SIMON,-1.6521528514195924,-79.46445299235782,79.4816261686882,dwarf
151.76254166666666,16.07361111111111,7.599999999999994,3.8,True,SIMON,-1.6039382740391621,-3.327373256192423,3.693782718698041,dwarf
151.762625,15.81313888888889,-313.1,3.2,True,SIMON,-1.5717952224489369,-107.8876246747657,107.89907366694315,dwarf
151.763125,15.808083333333334,-154.9,2.4,True,SIMON,-1.3789369129468427,-109.91705474389046,109.92570395763359,dwarf
151.763125,16.059722222222224,-16.30000000000001,4.4,True,SIMON,-1.3789369129468427,-8.902730588950746,9.008888885391286,dwarf
151.763125,16.059722222222224,-4.0,9.0,True,SIMON,-1.3789369129468427,-8.902730588950746,9.008888885391286,dwarf
151.763125,16.059722222222224,-0.9000000000000057,5.2,True,SIMON,-1.3789369129468427,-8.902730588950746,9.008888885391286,dwarf
151.76358333333332,16.04288888888889,-0.30000000000001137,3.3,True,SIMON,-1.2021501292447685,-15.66006367625572,15.706137630799848,dwarf
151.76358333333332,16.04288888888889,-8.099999999999994,3.5,True,SIMON,-1.2021501292447685,-15.66006367625572,15.706137630799848,dwarf
151.76358333333332,16.04288888888889,-2.0,2.7,True,SIMON,-1.2021501292447685,-15.66006367625572,15.706137630799848,dwarf
151.76358333333332,16.04288888888889,-8.400000000000006,3.5,True,SIMON,-1.2021501292447685,-15.66006367625572,15.706137630799848,dwarf
151.76383333333334,16.027944444444444,2.0999999999999943,21.1,True,SIMON,-1.105720974483907,-21.659148166305652,21.687353876473615,dwarf
151.76383333333334,16.027944444444444,5.199999999999989,13.6,True,SIMON,-1.105720974483907,-21.659148166305652,21.687353876473615,dwarf
151.76425,16.164388888888887,-145.7,2.2,True,SIMON,-0.9450057165622239,33.113162270725084,33.12664413084589,dwarf
151.76462500000002,16.11175,-183.6,2.2,True,SIMON,-0.800361984430746,11.982557979566987,12.009257888804221,dwarf
151.76495833333334,16.229999999999997,-191.5,2.4,True,SIMON,-0.6717897780992881,59.4511503106816,59.45494575532985,dwarf
151.765125,16.247083333333336,-246.9,2.2,True,SIMON,-0.607503674928652,66.30883982997726,66.31162266384854,dwarf
151.76791666666668,15.944611111111112,-94.7,3.0,True,SIMON,0.4692885531426995,-55.11129216286326,55.11329019035775,dwarf
151.768125,16.083166666666667,19.19999999999999,4.4,True,SIMON,0.5496461820937267,0.5084725887468666,0.7487691894016142,dwarf
151.768125,16.083166666666667,25.5,3.3,True,SIMON,0.5496461820937267,0.5084725887468666,0.7487691894016142,dwarf
151.76908333333336,16.025222222222222,87.80000000000001,3.9,True,SIMON,0.9192912753273381,-22.751918203526678,22.770482612120052,dwarf
151.76929166666667,16.136833333333332,88.89999999999998,3.4,True,SIMON,0.9996489042783654,22.05165332253023,22.074299811973276,dwarf
151.76929166666667,16.136833333333332,89.19999999999999,4.1,True,SIMON,0.9996489042783654,22.05165332253023,22.074299811973276,dwarf
151.77070833333335,15.98436111111111,-249.9,2.3,True,SIMON,1.5460807812140511,-39.154619476505836,39.18513228422241,dwarf
151.77200000000002,15.980722222222223,-179.1,2.2,True,SIMON,2.044298080769306,-40.61536309768804,40.666778507770644,dwarf
151.77304166666667,16.090833333333332,-184.3,7.0,True,SIMON,2.4460862255636995,3.5860698364298393,4.34087948400372,dwarf
151.77304166666667,16.090833333333332,-184.6,3.0,True,SIMON,2.4460862255636995,3.5860698364298393,4.34087948400372,dwarf
151.773125,15.943277777777778,-237.3,2.2,True,SIMON,2.4782292771441106,-55.64652646680807,55.701683351324895,dwarf
151.77333333333334,16.072777777777777,-4.599999999999994,2.5,True,SIMON,2.5585869061147664,-3.661894696157131,4.467195957408367,dwarf
151.77333333333334,16.072777777777777,1.4000000000000057,3.5,True,SIMON,2.5585869061147664,-3.661894696157131,4.467195957408367,dwarf
151.77333333333334,16.072777777777777,-8.800000000000011,2.3,True,SIMON,2.5585869061147664,-3.661894696157131,4.467195957408367,dwarf
151.77333333333334,16.072777777777777,4.5,2.6,True,SIMON,2.5585869061147664,-3.661894696157131,4.467195957408367,dwarf
151.775375,15.879833333333334,-116.5,2.2,True,SIMON,3.346091669923162,-81.1147587628538,81.18374479302797,dwarf
151.77570833333334,15.994194444444444,-216.3,4.2,True,SIMON,3.474663876264435,-35.20726648491207,35.37831118627103,dwarf
151.77616666666668,15.970083333333333,-9.599999999999994,8.1,True,SIMON,3.651450659976324,-44.886086814582725,45.03436334010395,dwarf
151.77766666666668,15.922583333333332,-236.8,2.2,True,SIMON,4.23002558849242,-63.95380889262087,64.0935471662567,dwarf
151.77766666666668,15.922583333333332,-235.5,2.2,True,SIMON,4.23002558849242,-63.95380889262087,64.0935471662567,dwarf
151.77812500000002,16.079,7.099999999999994,6.8,True,SIMON,4.406812372204309,-1.1641346110805029,4.557982522622099,dwarf
151.77812500000002,16.079,-1.0,6.7,True,SIMON,4.406812372204309,-1.1641346110805029,4.557982522622099,dwarf
151.77925000000002,16.197833333333335,-255.2,2.8,True,SIMON,4.840743568588928,46.53862272801196,46.78970189814278,dwarf
151.78104166666668,16.263916666666667,-104.7,2.2,True,SIMON,5.53181917765609,73.06617291728095,73.27527992571768,dwarf
151.78166666666667,15.907277777777779,-225.5,2.7,True,SIMON,5.772892064528801,-70.09785267332047,70.33516355422259,dwarf
151.78166666666667,15.907277777777779,-232.6,2.5,True,SIMON,5.772892064528801,-70.09785267332047,70.33516355422259,dwarf
151.781875,16.045333333333335,-242.3,2.2,True,SIMON,5.853249693489643,-14.678800785689173,15.802775847308778,dwarf
151.78216666666668,15.967027777777778,-261.3,5.5,True,SIMON,5.96575037404071,-46.112665427789636,46.496968614960615,dwarf
151.78220833333333,16.09263888888889,-172.9,2.2,True,SIMON,5.981821899821101,4.310866289689685,7.373314140111097,dwarf
151.78250000000003,16.12263888888889,39.69999999999999,2.8,True,SIMON,6.0943225803819825,16.35363812844981,17.452284886227392,dwarf
151.78250000000003,16.12263888888889,37.599999999999994,2.6,True,SIMON,6.0943225803819825,16.35363812844981,17.452284886227392,dwarf
151.78250000000003,16.12263888888889,43.0,2.4,True,SIMON,6.0943225803819825,16.35363812844981,17.452284886227392,dwarf
151.78475,16.15833333333333,-228.8,2.2,True,SIMON,6.962184973141405,30.682306473641397,31.46229410171313,dwarf
151.78487500000003,15.946194444444444,78.30000000000001,5.4,True,SIMON,7.01039955053165,-54.475701426929035,54.924928291387076,dwarf
151.7854166666667,16.09788888888889,-237.7,9.8,True,SIMON,7.21932938582395,6.418351361472451,9.659914646638265,dwarf
151.78545833333334,16.067083333333333,0.6999999999999886,3.5,True,SIMON,7.235400911604341,-5.947791202588593,9.366282429076927,dwarf
151.785625,15.895388888888888,-116.9,2.2,True,SIMON,7.299687014774976,-74.8703585501635,75.22536819413857,dwarf
151.785625,15.895388888888888,-117.2,2.2,True,SIMON,7.299687014774976,-74.8703585501635,75.22536819413857,dwarf
151.78641666666667,15.917472222222221,-261.2,5.4,True,SIMON,7.605046004828138,-66.00554039107575,66.44221615097953,dwarf
151.78654166666666,15.889777777777777,-145.0,2.2,True,SIMON,7.653260582198754,-77.12280291259849,77.5016072519438,dwarf
151.78654166666666,15.889777777777777,-148.8,2.2,True,SIMON,7.653260582198754,-77.12280291259849,77.5016072519438,dwarf
151.78716666666668,16.079333333333334,-2.0,23.1,True,SIMON,7.894333469091094,-1.0303260350946197,7.961285867233108,dwarf
151.78716666666668,16.079333333333334,5.900000000000006,7.9,True,SIMON,7.894333469091094,-1.0303260350946197,7.961285867233108,dwarf
151.7877916666667,16.076833333333333,104.69999999999999,6.4,True,SIMON,8.135406355973618,-2.033890354991297,8.385794330469986,dwarf
151.7877916666667,16.076833333333333,97.0,4.7,True,SIMON,8.135406355973618,-2.033890354991297,8.385794330469986,dwarf
151.7885,16.141972222222222,-154.1,2.2,True,SIMON,8.40862229442674,24.11453553565146,25.5385150897723,dwarf
151.78854166666667,16.091527777777777,-208.5,3.6,True,SIMON,8.424693820226759,3.864837703067947,9.268896182157963,dwarf
151.78908333333334,15.933166666666667,-239.4,2.7,True,SIMON,8.63362365551906,-59.70538660505758,60.326384336246505,dwarf
151.78958333333333,15.94213888888889,-159.7,2.8,True,SIMON,8.826481965021154,-56.10370576809487,56.79377241205065,dwarf
151.79041666666666,16.20797222222222,-152.6,2.4,True,SIMON,9.14791248086452,50.608633580925265,51.428767199748364,dwarf
151.79058333333336,15.88675,95.39999999999998,2.2,True,SIMON,9.21219858404497,-78.33823081114033,78.87802615032514,dwarf
151.79058333333336,15.88675,90.60000000000002,2.2,True,SIMON,9.21219858404497,-78.33823081114033,78.87802615032514,dwarf
151.79112500000002,15.985444444444443,-234.4,25.3,True,SIMON,9.421128419337268,-38.71974160455044,39.8494171929377,dwarf
151.79141666666666,16.08422222222222,11.5,5.0,True,SIMON,9.533629099878523,0.9321997460359221,9.579096000174546,dwarf
151.79200000000003,16.10663888888889,0.0,2.2,True,SIMON,9.758630460980655,9.9308264811121,13.92308094754666,dwarf
151.79200000000003,16.10663888888889,-2.4000000000000057,2.2,True,SIMON,9.758630460980655,9.9308264811121,13.92308094754666,dwarf
151.79200000000003,16.10663888888889,0.09999999999999432,6.2,True,SIMON,9.758630460980655,9.9308264811121,13.92308094754666,dwarf
151.79200000000003,16.10663888888889,-2.1999999999999886,2.2,True,SIMON,9.758630460980655,9.9308264811121,13.92308094754666,dwarf
151.79279166666666,16.065527777777778,-9.099999999999994,9.6,True,SIMON,10.063989451014187,-6.57223122385775,12.01990461401319,dwarf
151.79283333333333,16.210666666666665,-159.7,4.2,True,SIMON,10.080060976804393,51.69025290347995,52.66393333697942,dwarf
151.79316666666668,15.859416666666666,-156.2,2.6,True,SIMON,10.208633183145665,-89.31053404201083,89.89208909763528,dwarf
151.79358333333334,15.921444444444443,-205.4,2.4,True,SIMON,10.369348441067348,-64.41098819390639,65.24031565840109,dwarf
151.79358333333334,15.921444444444443,-201.1,17.1,True,SIMON,10.369348441067348,-64.41098819390639,65.24031565840109,dwarf
151.79566666666668,15.96061111111111,8.900000000000006,4.5,True,SIMON,11.172924730675765,-48.68848051552427,49.95400266192823,dwarf
151.79570833333332,16.08686111111111,-157.9,2.2,True,SIMON,11.188996256456155,1.991517639260476,11.36484842549497,dwarf
151.79633333333334,16.196916666666667,-44.0,2.3,True,SIMON,11.43006914333868,46.17064914404823,47.56443338256332,dwarf
151.79825,16.264083333333332,-219.9,2.9,True,SIMON,12.16935932977646,73.1330772052739,74.13865582818299,dwarf
151.79845833333334,16.111611111111113,-241.6,3.5,True,SIMON,12.2497169587373,11.92680440623911,17.09690699845621,dwarf
151.79916666666665,16.108444444444444,39.099999999999994,15.9,True,SIMON,12.522932897200237,10.65562293436939,16.442814493487386,dwarf
151.80020833333336,16.131972222222224,-229.0,3.4,True,SIMON,12.924721042014259,20.10027825606475,23.89706258068375,dwarf
151.80075000000002,16.179444444444446,-246.1,3.4,True,SIMON,13.133650877316374,39.15684961943783,41.3007464519287,dwarf
151.80325000000002,15.921249999999999,-170.1,2.2,True,SIMON,14.097942424836658,-64.48904319656567,66.01203430453059,dwarf
151.80325000000002,15.921249999999999,-170.4,2.2,True,SIMON,14.097942424836658,-64.48904319656567,66.01203430453059,dwarf
151.80370833333333,16.020305555555556,-90.2,2.2,True,SIMON,14.274729208538734,-24.725594699323562,28.55035774228278,dwarf
151.80370833333333,16.020305555555556,-79.9,2.2,True,SIMON,14.274729208538734,-24.725594699323562,28.55035774228278,dwarf
151.804,15.959666666666665,99.89999999999998,2.4,True,SIMON,14.387229889089799,-49.067604814151785,51.13337683039612,dwarf
151.804,15.959666666666665,94.39999999999998,2.3,True,SIMON,14.387229889089799,-49.067604814151785,51.13337683039612,dwarf
151.80508333333336,16.110472222222224,1.3000000000000114,4.8,True,SIMON,14.805089559694029,11.469625104953584,18.728133300431804,dwarf
151.80508333333336,16.110472222222224,21.69999999999999,7.6,True,SIMON,14.805089559694029,11.469625104953584,18.728133300431804,dwarf
151.80508333333336,16.110472222222224,0.6999999999999886,15.4,True,SIMON,14.805089559694029,11.469625104953584,18.728133300431804,dwarf
151.8070416666667,16.07911111111111,85.39999999999998,4.8,True,SIMON,15.56045127192201,-1.1195317524189674,15.600672906337522,dwarf
151.8070416666667,16.07911111111111,90.69999999999999,4.7,True,SIMON,15.56045127192201,-1.1195317524189674,15.600672906337522,dwarf
151.8070416666667,16.07911111111111,92.19999999999999,3.6,True,SIMON,15.56045127192201,-1.1195317524189674,15.600672906337522,dwarf
151.80825,16.102472222222225,-378.8,2.2,True,SIMON,16.02652551987723,8.25821928128473,18.029079453401355,dwarf
151.80825,16.102472222222225,-383.4,2.2,True,SIMON,16.02652551987723,8.25821928128473,18.029079453401355,dwarf
151.80825,16.102472222222225,-382.1,2.2,True,SIMON,16.02652551987723,8.25821928128473,18.029079453401355,dwarf
151.81074999999998,16.031805555555554,-0.09999999999999432,2.3,True,SIMON,16.99081706739751,-20.1091988277991,26.326179785789723,dwarf
151.81074999999998,16.031805555555554,-0.19999999999998863,2.3,True,SIMON,16.99081706739751,-20.1091988277991,26.326179785789723,dwarf
151.81074999999998,16.031805555555554,-6.199999999999989,2.2,True,SIMON,16.99081706739751,-20.1091988277991,26.326179785789723,dwarf
151.81091666666669,16.050694444444446,-325.1,2.5,True,SIMON,17.05510317057796,-12.52671285524487,21.16116913397782,dwarf
151.81091666666669,16.050694444444446,-320.0,21.0,True,SIMON,17.05510317057796,-12.52671285524487,21.16116913397782,dwarf
151.81091666666669,15.991333333333332,-151.7,2.4,True,SIMON,17.05510317057796,-36.355790095460975,40.15744037689998,dwarf
151.81108333333333,15.953222222222221,-214.2,2.2,True,SIMON,17.119389273738783,-51.65457061655276,54.41753536027002,dwarf
151.81108333333333,15.953222222222221,-206.1,2.2,True,SIMON,17.119389273738783,-51.65457061655276,54.41753536027002,dwarf
151.811625,16.10752777777778,-2.3000000000000114,5.4,True,SIMON,17.328319109031085,10.287649350408213,20.152081091077577,dwarf
151.81183333333334,15.966333333333333,-130.9,3.0,True,SIMON,17.40867673800174,-46.39143329442774,49.550248323086954,dwarf
151.81225,16.080222222222222,-0.30000000000001137,3.7,True,SIMON,17.56939199592342,-0.6735031657985058,17.58229625563051,dwarf
151.81225,16.080222222222222,-2.1999999999999886,5.7,True,SIMON,17.56939199592342,-0.6735031657985058,17.58229625563051,dwarf
151.81287500000002,16.118944444444445,2.6999999999999886,10.9,True,SIMON,17.81046488280595,14.870593077936201,23.202310183066427,dwarf
151.81287500000002,16.118944444444445,-12.599999999999994,11.8,True,SIMON,17.81046488280595,14.870593077936201,23.202310183066427,dwarf
151.81287500000002,16.118944444444445,-1.1999999999999886,6.5,True,SIMON,17.81046488280595,14.870593077936201,23.202310183066427,dwarf
151.81433333333334,16.12638888888889,-190.7,2.2,True,SIMON,18.372968285522024,17.8589846082961,25.62243733254421,dwarf
151.81433333333334,16.12638888888889,-195.0,2.6,True,SIMON,18.372968285522024,17.8589846082961,25.62243733254421,dwarf
151.81433333333334,16.12638888888889,-187.8,2.4,True,SIMON,18.372968285522024,17.8589846082961,25.62243733254421,dwarf
151.814625,16.097805555555553,74.0,2.8,True,SIMON,18.48546896607309,6.384899217474704,19.557083139184133,dwarf
151.814625,16.097805555555553,76.19999999999999,3.2,True,SIMON,18.48546896607309,6.384899217474704,19.557083139184133,dwarf
151.81470833333336,16.255305555555555,58.80000000000001,3.1,True,SIMON,18.517612017663314,69.60945137097046,72.03039410557331,dwarf
151.81504166666667,15.971722222222223,7.599999999999994,3.9,True,SIMON,18.646184223994776,-44.228194649315824,47.99805608618875,dwarf
151.8155,16.05,-2.9000000000000057,4.3,True,SIMON,18.822971007696847,-12.805480721882978,22.765864228601394,dwarf
151.8155,16.05,-1.0999999999999943,9.7,True,SIMON,18.822971007696847,-12.805480721882978,22.765864228601394,dwarf
151.8155,16.05,6.5,5.4,True,SIMON,18.822971007696847,-12.805480721882978,22.765864228601394,dwarf
151.81583333333333,15.895416666666666,-244.2,2.9,True,SIMON,18.95154321403812,-74.85920783549844,77.22086497800905,dwarf
151.81583333333333,15.895416666666666,-241.5,2.5,True,SIMON,18.95154321403812,-74.85920783549844,77.22086497800905,dwarf
151.81583333333333,15.895416666666666,-241.4,2.8,True,SIMON,18.95154321403812,-74.85920783549844,77.22086497800905,dwarf
151.81583333333333,16.09561111111111,-2.9000000000000057,7.1,True,SIMON,18.95154321403812,5.5039927589001225,19.73461239760182,dwarf
151.81583333333333,16.09561111111111,1.5999999999999943,3.1,True,SIMON,18.95154321403812,5.5039927589001225,19.73461239760182,dwarf
151.81583333333333,16.09561111111111,6.199999999999989,6.1,True,SIMON,18.95154321403812,5.5039927589001225,19.73461239760182,dwarf
151.81633333333335,15.937611111111112,-131.2,3.2,True,SIMON,19.14440152355003,-57.92127225857446,61.00313016351548,dwarf
151.81633333333335,15.937611111111112,-126.6,4.1,True,SIMON,19.14440152355003,-57.92127225857446,61.00313016351548,dwarf
151.81633333333335,15.937611111111112,-135.3,5.3,True,SIMON,19.14440152355003,-57.92127225857446,61.00313016351548,dwarf
151.81741666666667,16.00711111111111,-144.3,5.2,True,SIMON,19.562261194144444,-30.022184165445054,35.83313557437905,dwarf
151.81775000000002,16.061194444444446,5.0,14.6,True,SIMON,19.690833400485715,-8.311742711678061,21.373207220976855,dwarf
151.81775000000002,16.061194444444446,-19.19999999999999,4.4,True,SIMON,19.690833400485715,-8.311742711678061,21.373207220976855,dwarf
151.81775000000002,16.061194444444446,-9.099999999999994,4.4,True,SIMON,19.690833400485715,-8.311742711678061,21.373207220976855,dwarf
151.81775000000002,16.061194444444446,-3.4000000000000057,3.9,True,SIMON,19.690833400485715,-8.311742711678061,21.373207220976855,dwarf
151.81941666666665,16.150027777777776,-138.3,2.2,True,SIMON,20.33369443215282,27.34824278865172,34.07910669144958,dwarf
151.82145833333334,16.08663888888889,58.30000000000001,4.4,True,SIMON,21.121199195971027,1.9023119219374052,21.206693427411835,dwarf
151.82233333333335,16.065444444444445,87.89999999999998,2.4,True,SIMON,21.458701237614417,-6.605683367854221,22.452414381565745,dwarf
151.82233333333335,16.065444444444445,87.5,2.7,True,SIMON,21.458701237614417,-6.605683367854221,22.452414381565745,dwarf
151.82233333333335,16.065444444444445,92.80000000000001,6.7,True,SIMON,21.458701237614417,-6.605683367854221,22.452414381565745,dwarf
151.82345833333335,16.054361111111113,-155.3,4.2,True,SIMON,21.892632433999037,-11.054818519395049,24.52542287886075,dwarf
151.82345833333335,16.054361111111113,-158.7,10.5,True,SIMON,21.892632433999037,-11.054818519395049,24.52542287886075,dwarf
151.82441666666668,16.20525,-361.1,31.0,True,SIMON,22.26227752721302,49.51586354370424,54.290236168001634,dwarf
151.82508333333334,16.194444444444446,-180.2,6.8,True,SIMON,22.519421939885746,45.17823553881789,50.47967245245867,dwarf
151.82541666666668,16.06738888888889,-208.7,2.2,True,SIMON,22.64799414622702,-5.825133341267774,23.385119569740986,dwarf
151.82541666666668,16.06738888888889,-213.8,2.2,True,SIMON,22.64799414622702,-5.825133341267774,23.385119569740986,dwarf
151.82554166666668,16.143583333333332,-183.8,2.3,True,SIMON,22.696208723597636,24.761276986250746,33.5892650770293,dwarf
151.82658333333333,16.13911111111111,-132.2,3.2,True,SIMON,23.09799686839203,22.96601192510256,32.572306689520794,dwarf
151.82725000000002,15.90763888888889,-158.7,2.4,True,SIMON,23.355141281074573,-69.95289338266953,73.74869434007685,dwarf
151.829,15.94213888888889,-98.9,3.3,True,SIMON,24.03014536434172,-56.10370576809487,61.03338174429101,dwarf
151.829,15.94213888888889,-109.3,4.1,True,SIMON,24.03014536434172,-56.10370576809487,61.03338174429101,dwarf
151.83141666666666,16.134694444444445,-185.1,2.2,True,SIMON,24.962293860271778,21.193048293285777,32.74540289457598,dwarf
151.8315,15.932472222222222,-141.0,2.2,True,SIMON,24.994436911862,-59.984154471695696,64.98323371628486,dwarf
151.83154166666668,16.256222222222224,-161.1,2.2,True,SIMON,25.010508437662022,69.97742495493291,74.31262029853093,dwarf
151.83245833333336,16.01822222222222,-174.9,2.9,True,SIMON,25.364082005095614,-25.561898299237885,36.01037767952172,dwarf
151.83308333333335,15.955444444444444,-221.1,2.6,True,SIMON,25.605154891968326,-50.76251344331057,56.85469838213879,dwarf
151.833125,15.924999999999999,-223.6,2.3,True,SIMON,25.621226417748716,-62.98369671672066,67.99553878934553,dwarf
151.833125,15.924999999999999,-227.0,2.5,True,SIMON,25.621226417748716,-62.98369671672066,67.99553878934553,dwarf
151.83333333333334,16.027083333333334,104.69999999999999,2.2,True,SIMON,25.701584046719372,-22.0048203209367,33.83464998883967,dwarf
151.835,16.16916666666667,-186.2,2.3,True,SIMON,26.344445078406107,35.031085193195366,43.83157214043397,dwarf
151.83529166666665,16.03425,-181.7,2.3,True,SIMON,26.456945758937543,-19.127935937232554,32.64732626280804,dwarf
151.83529166666665,16.03425,-184.4,2.2,True,SIMON,26.456945758937543,-19.127935937232554,32.64732626280804,dwarf
151.83554166666667,16.054472222222223,-242.4,2.2,True,SIMON,26.553374913698406,-11.010215660733513,28.745548667633557,dwarf
151.83554166666667,16.054472222222223,-240.3,2.2,True,SIMON,26.553374913698406,-11.010215660733513,28.745548667633557,dwarf
151.83554166666667,16.054472222222223,-239.8,2.2,True,SIMON,26.553374913698406,-11.010215660733513,28.745548667633557,dwarf
151.8367916666667,15.990555555555554,-200.5,2.2,True,SIMON,27.035520687473266,-36.66801010609555,45.557242497582315,dwarf
151.8367916666667,15.990555555555554,-200.7,4.1,True,SIMON,27.035520687473266,-36.66801010609555,45.557242497582315,dwarf
151.83795833333335,16.059583333333332,-188.6,2.2,True,SIMON,27.485523409638276,-8.958484162278623,28.908622166882505,dwarf
151.83795833333335,16.059583333333332,-191.3,2.2,True,SIMON,27.485523409638276,-8.958484162278623,28.908622166882505,dwarf
151.83816666666667,16.188388888888888,73.60000000000002,2.4,True,SIMON,27.56588103859912,42.74737974173421,50.86468590503854,dwarf
151.83954166666666,16.26675,-6.599999999999994,6.5,True,SIMON,28.096241389734786,74.20354581316352,79.34459648568706,dwarf
151.84070833333334,15.906805555555556,99.19999999999999,5.5,True,SIMON,28.546244111919425,-70.28741482263551,75.8630920497348,dwarf
151.84070833333334,15.906805555555556,97.5,3.2,True,SIMON,28.546244111919425,-70.28741482263551,75.8630920497348,dwarf
151.84266666666667,15.918222222222221,-181.6,5.5,True,SIMON,29.30160582414741,-65.70447109510752,71.94207131964946,dwarf
151.84308333333334,16.005583333333334,-130.9,2.2,True,SIMON,29.462321082069092,-30.63547347204787,42.50365394174343,dwarf
151.84391666666667,15.892638888888888,-219.8,2.5,True,SIMON,29.78375159791246,-75.97427930205086,81.60369461435056,dwarf
151.84429166666666,16.146472222222222,-209.9,2.2,True,SIMON,29.92839533003412,25.92095131146599,39.59298629709811,dwarf
151.84708333333333,16.22063888888889,-216.4,3.0,True,SIMON,31.005187558105472,55.693359468401596,63.74223046293482,dwarf
151.84733333333332,16.077416666666668,-89.1,3.6,True,SIMON,31.10161671285652,-1.7997253470147245,31.153644625920148,dwarf
151.84845833333335,16.24088888888889,-1.3000000000000114,6.7,True,SIMON,31.535547909250955,63.8222304595657,71.18825663528064,dwarf
151.850125,15.938638888888889,9.199999999999989,10.0,True,SIMON,32.17840894092787,-57.508695815950475,65.89916612842006,dwarf
151.85025000000002,16.100194444444448,-142.5,2.8,True,SIMON,32.2266235183083,7.343860678711122,33.05279947385851,dwarf
151.85033333333334,16.07497222222222,-10.400000000000006,7.6,True,SIMON,32.258766569888714,-2.7809882375812722,32.37841744415769,dwarf
151.85091666666668,16.073555555555554,-120.7,2.6,True,SIMON,32.48376793098103,-3.3496746855225523,32.656017814373236,dwarf
151.85470833333335,16.079277777777776,-199.7,2.2,True,SIMON,33.94627677806639,-1.0526274644260258,33.962593123493285,dwarf
151.85520833333334,15.928944444444443,-197.5,6.1,True,SIMON,34.13913508755867,-61.400295234216365,70.25294868811922,dwarf
151.85520833333334,15.928944444444443,-182.4,3.8,True,SIMON,34.13913508755867,-61.400295234216365,70.25294868811922,dwarf
151.85545833333333,15.938,-202.4,2.5,True,SIMON,34.235564242309714,-57.765162253257174,67.14825261415551,dwarf
151.859125,16.065083333333334,-209.3,2.2,True,SIMON,35.64985851202445,-6.750642658506445,36.28337895276857,dwarf
151.8615,16.054111111111112,-192.7,3.6,True,SIMON,36.56593548217412,-11.155174951385739,38.229642502677734,dwarf
151.8625,16.262777777777778,-165.1,2.8,True,SIMON,36.951652101178304,72.60899361599543,81.4707956689646,dwarf
151.86483333333334,16.02622222222222,11.199999999999989,8.8,True,SIMON,37.85165754553777,-22.350492475569027,43.957849047071605,dwarf
151.86595833333334,15.879527777777778,-197.8,2.3,True,SIMON,38.28558874192239,-81.23741662417461,89.80703850526046,dwarf
151.86829166666666,16.12811111111111,9.400000000000006,14.3,True,SIMON,39.185594186272034,18.550328917556925,43.35464790170421,dwarf
151.869875,16.2165,-156.9,2.2,True,SIMON,39.79631216637836,54.03190298323929,67.10583433676999,dwarf
151.870375,16.079638888888887,-197.2,3.6,True,SIMON,39.98917047588045,-0.907668173775078,39.99947020727541,dwarf
151.87316666666666,15.940111111111111,-194.0,3.5,True,SIMON,41.065962703951804,-56.917707938677786,70.18574477623633,dwarf
151.87320833333334,16.212777777777777,-92.1,2.2,True,SIMON,41.082034229742014,52.53770721806062,66.69290978945477,dwarf
151.87324999999998,16.185305555555555,101.60000000000002,2.2,True,SIMON,41.09810575553222,41.50965041386095,58.413229444825745,dwarf
151.87537500000002,15.888277777777777,-197.2,3.3,True,SIMON,41.91775357094065,-77.72494150453751,88.30778332807299,dwarf
151.87554166666666,16.234805555555557,-100.0,2.2,True,SIMON,41.98203967410147,61.38022394781822,74.36412809333642,dwarf
151.87595833333333,16.067194444444443,-156.0,2.4,True,SIMON,42.14275493202316,-5.903188343927058,42.55419398701424,dwarf
151.87595833333333,16.268305555555553,-88.8,2.6,True,SIMON,42.14275493202316,74.82798583443268,85.87921318513939,dwarf
151.87725,15.936666666666667,-257.8,2.8,True,SIMON,42.64097223157842,-58.300396557201985,72.23010972981594,dwarf
151.87787500000002,15.90563888888889,-201.6,3.1,True,SIMON,42.88204511846094,-70.75574483858738,82.73599713066255,dwarf
151.87787500000002,15.90563888888889,-214.4,3.2,True,SIMON,42.88204511846094,-70.75574483858738,82.73599713066255,dwarf
151.87808333333334,16.18213888888889,-211.2,2.2,True,SIMON,42.96240274742178,40.23846894199251,58.86342185625441,dwarf
151.87941666666666,16.07208333333333,4.900000000000006,9.8,True,SIMON,43.476691572757424,-3.9406625627952385,43.65491417408231,dwarf
151.88195833333333,15.936416666666666,-198.1,3.8,True,SIMON,44.45705464607773,-58.400752989191396,73.39671421466284,dwarf
151.882375,15.833916666666667,-191.0,2.2,True,SIMON,44.61776990399941,-99.54689010495771,109.08862782515308,dwarf
151.88483333333332,16.032,-160.6,2.2,True,SIMON,45.5659899257295,-20.031143825139818,49.77455334661597,dwarf
151.88529166666666,16.08347222222222,73.10000000000002,6.9,True,SIMON,45.74277670944138,0.6311304500664083,45.74713047541686,dwarf
151.88629166666666,16.199277777777777,-185.6,2.2,True,SIMON,46.128493328455384,47.118459890617025,65.93926871915579,dwarf
151.88720833333332,15.957916666666666,-108.5,2.2,True,SIMON,46.48206689587916,-49.77009983808023,68.10025977046973,dwarf
151.88729166666667,15.838166666666668,-218.7,2.4,True,SIMON,46.51420994746938,-97.8408307611326,108.33466615569482,dwarf
151.88750000000002,15.976277777777778,-29.5,2.2,True,SIMON,46.59456757644004,-42.39947744417116,62.99816993511968,dwarf
151.88750000000002,15.976277777777778,-25.80000000000001,2.3,True,SIMON,46.59456757644004,-42.39947744417116,62.99816993511968,dwarf
151.88841666666667,15.987555555555554,-210.9,2.2,True,SIMON,46.948141143854,-37.872287289971055,60.319467018843426,dwarf
151.892875,16.11691666666667,-215.3,2.2,True,SIMON,48.667794403612085,14.056590907353284,50.65710177308748,dwarf
151.89345833333334,16.251055555555556,-218.1,3.5,True,SIMON,48.89279576470441,67.90339202714662,83.67422617796628,dwarf
151.89383333333333,16.26436111111111,-214.1,2.2,True,SIMON,49.037439496826075,73.24458435192966,88.14442472040882,dwarf
151.89433333333335,15.94913888888889,-85.2,3.4,True,SIMON,49.23029780633798,-53.293725672383665,72.55234950119818,dwarf
151.89558333333335,15.821833333333332,-182.5,2.2,True,SIMON,49.71244358010303,-104.39745098445874,115.62938561956209,dwarf
151.89570833333335,15.90875,95.19999999999999,2.8,True,SIMON,49.76065815747364,-69.50686479604906,85.4829067945235,dwarf
151.89683333333332,15.95425,47.099999999999994,3.0,True,SIMON,50.19458935384845,-51.241994173927495,71.73031972131656,dwarf
151.89966666666666,16.190472222222223,34.19999999999999,7.8,True,SIMON,51.28745310771983,43.58368334164852,67.3048311780191,dwarf
151.901125,16.005805555555554,-161.6,2.2,True,SIMON,51.84995651044571,-30.5462677547248,60.1788373423619,dwarf
151.90216666666666,16.005777777777777,-160.5,2.2,True,SIMON,52.2517446552401,-30.557418469389862,60.530989113261825,dwarf
151.90379166666668,15.845916666666668,-229.8,2.6,True,SIMON,52.878534161136635,-94.72978136945315,108.48903563648673,dwarf
151.90383333333335,15.999694444444444,165.0,6.0,True,SIMON,52.89460568693665,-32.99942498113862,62.34421673148446,dwarf
151.90383333333335,15.883722222222222,-50.69999999999999,4.4,True,SIMON,52.89460568693665,-79.55365870968217,95.53336550584356,dwarf
151.90558333333334,16.1295,88.0,3.9,True,SIMON,53.56960977019398,19.10786465083314,56.875421602353164,dwarf
151.90750000000003,16.022694444444443,-172.9,2.3,True,SIMON,54.308899956641575,-23.76663323808842,59.281611566946395,dwarf
151.90954166666668,16.16877777777778,-210.5,3.0,True,SIMON,55.096404720449975,34.87497518787808,65.20642382062317,dwarf
151.91229166666665,15.970916666666668,-186.2,2.2,True,SIMON,56.15712542271149,-44.55156537461674,71.68308526473243,dwarf
151.91229166666665,15.970916666666668,-187.1,2.2,True,SIMON,56.15712542271149,-44.55156537461674,71.68308526473243,dwarf
151.91266666666667,15.953583333333333,-150.3,2.6,True,SIMON,56.301769154852785,-51.509611325900536,76.30943106138109,dwarf
151.913,16.03963888888889,-138.2,2.2,True,SIMON,56.43034136119405,-16.964697292120633,58.925243999105966,dwarf
151.9137916666667,15.91861111111111,-192.5,2.2,True,SIMON,56.73570035124722,-65.54836108979023,86.69214114268975,dwarf
151.91508333333334,15.988249999999999,-3.5,7.0,True,SIMON,57.23391765079266,-37.59351942333294,68.47622968804743,dwarf
151.91645833333334,15.944777777777778,-221.2,2.6,True,SIMON,57.76427800192832,-55.04438787487032,79.7909546853729,dwarf
151.91720833333335,16.052694444444445,95.10000000000002,3.1,True,SIMON,58.05356546619128,-11.723861399327017,59.2255467636052,dwarf
151.91729166666667,15.982111111111111,87.80000000000001,3.8,True,SIMON,58.085708517771685,-40.05782736441182,70.55904667134155,dwarf
151.918,15.970527777777779,-46.900000000000006,3.9,True,SIMON,58.35892445624443,-44.70767537993403,73.51557863179208,dwarf
151.91920833333336,16.17977777777778,-21.80000000000001,2.4,True,SIMON,58.824998704219276,39.29065819542371,70.73992008746558,dwarf
151.92175,16.150888888888886,-220.4,2.3,True,SIMON,59.805361777529775,27.693914943281495,65.90625328621655,dwarf
151.92437500000003,15.956694444444445,-84.1,2.2,True,SIMON,60.817867902440305,-50.260731283362226,78.89837872438841,dwarf
151.92437500000003,15.956694444444445,-84.7,2.2,True,SIMON,60.817867902440305,-50.260731283362226,78.89837872438841,dwarf
151.92445833333335,15.84225,-128.7,2.5,True,SIMON,60.85001095402071,-96.2016757053017,113.8309546723231,dwarf
151.92495833333334,15.915611111111112,-194.5,2.3,True,SIMON,61.04286926351298,-66.75263827366574,90.45521877933413,dwarf
151.927125,16.00188888888889,88.60000000000002,10.3,True,SIMON,61.87858860470182,-32.11851852256275,69.71770908308835,dwarf
151.92720833333334,15.987694444444443,-44.5,2.3,True,SIMON,61.91073165629204,-37.81653371664318,72.54673608481234,dwarf
151.92770833333333,15.982166666666666,-133.9,3.6,True,SIMON,62.10358996579414,-40.035525935081694,73.88977753071183,dwarf
151.928,16.018583333333332,-1.1999999999999886,2.2,True,SIMON,62.216090646335395,-25.416939008585658,67.20760912187835,dwarf
151.9282916666667,15.866888888888889,-196.7,2.6,True,SIMON,62.328591326896266,-86.31099179698587,106.4633298454196,dwarf
151.92925000000002,16.153138888888886,-174.1,2.3,True,SIMON,62.698236420110256,28.59712283118876,68.91200392104511,dwarf
151.93,16.09825,-178.7,2.4,True,SIMON,62.98752388436339,6.5633106521246765,63.32854973706205,dwarf
151.93008333333333,15.933166666666667,-65.80000000000001,11.5,True,SIMON,63.0196669359438,-59.70538660505758,86.81135645972063,dwarf
151.930375,16.10902777777778,-229.9,3.5,True,SIMON,63.132167616485056,10.889787942345963,64.06448368156282,dwarf
151.93145833333332,16.16311111111111,12.400000000000006,7.4,True,SIMON,63.55002728707947,32.60022939611168,71.42395203898793,dwarf
151.93179166666667,15.966055555555554,-141.9,2.4,True,SIMON,63.67859949342074,-46.502940441083496,78.85104630320667,dwarf
151.93241666666665,15.825805555555556,91.19999999999999,2.5,True,SIMON,63.91967238029345,-102.80289878728938,121.05437008333782,dwarf
151.94116666666667,15.983583333333332,-77.6,2.8,True,SIMON,67.29469279663898,-39.46683948714041,78.01414677927151,dwarf
151.94175,15.923333333333332,-335.3,2.2,True,SIMON,67.51969415773131,-63.65273959665135,92.7932128838779,dwarf
151.9465416666667,16.143833333333333,-266.2,2.2,True,SIMON,69.36791962383066,24.861633418241436,73.68859538056924,dwarf
151.946625,16.095972222222223,86.30000000000001,2.4,True,SIMON,69.40006267540126,5.64895204955107,69.6295868048041,dwarf
151.96704166666666,16.07636111111111,-140.6,3.3,True,SIMON,77.27511031352448,-2.223452504305057,77.30709162170233,dwarf
151.969625,16.069944444444445,-144.4,9.8,True,SIMON,78.27154491263498,-4.7992675920396906,78.41854189176586,dwarf
151.97729166666667,16.06625,21.900000000000006,5.7,True,SIMON,81.22870565837628,-6.282312642554578,81.47128374509593,dwarf
151.9787916666667,16.1525,-257.4,2.2,True,SIMON,81.8072805869022,28.340656393883336,86.57727162402558,dwarf
151.97945833333333,16.100527777777778,-237.8,2.2,True,SIMON,82.06442499956512,7.477669254697005,82.40440150860807,dwarf
151.9865,16.145305555555556,-111.5,2.9,True,SIMON,84.78051285843371,25.45262129551412,88.5187623690701,dwarf
151.98679166666668,16.098888888888887,-209.5,2.5,True,SIMON,84.89301353897497,6.819777089430101,85.16650226044335,dwarf
