ra,dec,vlos,vlos_err,src,id,ruwe,parallax,parallax_err,pmra,pmra_err,pmdec,pmdec_err,x_pc,y_pc,r_pc,has_vlos,preprocess_mode
151.58094228366,15.998450337570004,,,simbad,,,,,,,,,-71.64983830169243,-33.498841488869445,79.09406873941353,False,dwarf
151.717579234,15.914681721000001,,,simbad,,,,,,,,,-18.946695784700037,-67.12571937557531,69.74840129240567,False,dwarf
151.94115543349,15.983594362660002,,,simbad,,,,,,,,,67.29035997370731,-39.46241203165335,78.00816950004076,False,dwarf
151.74561196028,15.914502347509995,,,simbad,,,,,,,,,-8.134007382334975,-67.19772450937755,67.6882283364994,False,dwarf
151.6697949501,15.992424755229997,,,simbad,,,,,,,,,-37.37788821242221,-35.9176652660812,51.838067145550355,False,dwarf
151.92827499999999,15.866891666666668,,,simbad,,,,,,,,,62.32216271656056,-86.30987672551987,106.45866233446618,False,dwarf
151.88841335494,15.987561334,,,simbad,,,,,,,,,46.946863755843765,-37.86996767370315,60.317016405961915,False,dwarf
151.72249459883,15.995544715839998,,,simbad,,,,,,,,,-17.050757881272308,-34.66523280700956,38.631680132890175,False,dwarf
151.75828268235,15.826033904460001,,,simbad,,,,,,,,,-3.2466993050863047,-102.71123366209378,102.76253488877585,False,dwarf
151.54499457088,15.84345999072,,,simbad,,,,,,,,,-85.51546853634615,-95.71595429970331,128.35279220372925,False,dwarf
151.79564166666668,15.960608333333335,,,simbad,,,,,,,,,11.16328181520164,-48.689595586990265,49.95293364068094,False,dwarf
151.7796708333333,16.006233333333334,,,simbad,,,,,,,,,5.0030659790749095,-30.374546748874632,30.783823014540403,False,dwarf
151.66274215097,15.93765961534,,,simbad,,,,,,,,,-40.098270047406494,-57.90180141318374,70.43074518764162,False,dwarf
152.036265,16.016978,,,simbad,,,,,,,,,103.9757004034651,-26.061361110534143,107.19207441469166,False,dwarf
151.86483173782,16.02621608381,,,simbad,,,,,,,,,37.85104212952361,-22.352956592162855,43.95857207305633,False,dwarf
151.59838179381,16.299936508490003,,,simbad,,,,,,,,,-64.92312940944063,87.5254641421706,108.9757753155139,False,dwarf
151.56157916666666,15.920188888888886,,,simbad,,,,,,,,,-79.11851432186224,-64.91500049678928,102.34107971873695,False,dwarf
151.57416666666666,15.898888888888887,,,simbad,,,,,,,,,-74.26330638007684,-73.46536850230918,104.46147157531931,False,dwarf
151.82145,16.086644444444445,,,simbad,,,,,,,,,21.117984890812988,1.9045420648706735,21.20369228048425,False,dwarf
151.91000000000003,15.90333333333333,,,simbad,,,,,,,,,55.27319150416186,-71.68125415582605,90.51700335521431,False,dwarf
151.62820799011,16.21405834992,,,simbad,,,,,,,,,-53.41866981466711,53.05176182245441,75.28641123891389,False,dwarf
151.97995937487,15.85659431225,,,simbad,,,,,,,,,82.25768504707172,-90.44349971827897,122.25527960212423,False,dwarf
151.90114619157,16.005809787750003,,,simbad,,,,,,,,,51.858130451179875,-30.544568842987672,60.1850179006005,False,dwarf
151.80821158467,16.102483328550004,,,simbad,,,,,,,,,16.011708088678155,8.262677646997618,18.017953208265236,False,dwarf
151.7338875,16.116655555555564,,,simbad,,,,,,,,,-12.656326561254035,13.951774189501165,18.837054044089147,False,dwarf
151.90376666666668,15.845905555555559,,,simbad,,,,,,,,,52.86889124566251,-94.73424165531841,108.48823071446024,False,dwarf
151.99260971106,15.923757222369998,,,simbad,,,,,,,,,87.13712995161693,-63.4825796315342,107.80963469411746,False,dwarf
151.68112421514,16.10123849769,,,simbad,,,,,,,,,-33.00800240532974,7.762970512835365,33.90858201065632,False,dwarf
151.8163125,15.937624999999999,,,simbad,,,,,,,,,19.13636576065002,-57.91569690124193,60.995314919114094,False,dwarf
151.80832916666665,16.40568888888889,,,simbad,,,,,,,,,16.05706141887371,129.97719042715894,130.9652597170235,False,dwarf
151.85333333333332,15.809722222222224,,,simbad,,,,,,,,,33.41591642691109,-109.25916257862484,114.25492583706263,False,dwarf
151.57189749664,16.37092108905,,,simbad,,,,,,,,,-75.13856297072195,116.02050106731038,138.22648195340471,False,dwarf
152.02514331522,16.14639892857,,,simbad,,,,,,,,,99.68588175243045,25.891529353767762,102.9934284944266,False,dwarf
151.68205774488,16.18073279003,,,simbad,,,,,,,,,-32.647924470258985,39.67402468398035,51.380105165723606,False,dwarf
151.91721471129,16.05271114332,,,simbad,,,,,,,,,58.05602555007009,-11.717158041051833,59.226631638388625,False,dwarf
151.68762521164,16.22739772563,,,simbad,,,,,,,,,-30.50046001514478,58.406530427356664,65.8908252922756,False,dwarf
151.69891321777,16.22506847912,,,simbad,,,,,,,,,-26.146488455315588,57.47151095148523,63.13963437960849,False,dwarf
151.67266666666666,16.193202777777774,,,simbad,,,,,,,,,-36.27021940757545,44.67979859326754,57.548355477881515,False,dwarf
151.63559166666664,16.155575000000002,,,simbad,,,,,,,,,-50.57066305737852,29.57504050735732,58.58391403000259,False,dwarf
151.77309847088,15.943314023500003,,,simbad,,,,,,,,,2.46799655468069,-55.63197650137886,55.6866933516786,False,dwarf
151.64815055224,16.07084468671,,,simbad,,,,,,,,,-45.72649217549002,-4.437887185250844,45.941342267549864,False,dwarf
151.92919585541,16.15310151368,,,simbad,,,,,,,,,62.67735195190392,28.58211946075473,68.88677667427682,False,dwarf
151.70439400609,16.063546622249998,,,simbad,,,,,,,,,-24.032457315011893,-7.367518023796594,25.136414351073153,False,dwarf
151.69890476963,16.07366648435,,,simbad,,,,,,,,,-26.149747043326265,-3.3051450134610194,26.357793040957677,False,dwarf
151.89965833333335,16.190455555555555,,,simbad,,,,,,,,,51.284238802561774,43.57699291284872,67.29804945824694,False,dwarf
151.7642310905,16.16437038428,,,simbad,,,,,,,,,-0.9522994249741944,33.10573404463174,33.11942784573271,False,dwarf
151.8502333333333,16.1002,,,simbad,,,,,,,,,32.22019490797259,7.346090821644391,33.04702725310691,False,dwarf
151.96703236777,16.07638567611,,,simbad,,,,,,,,,77.27152357454558,-2.2135914817438263,77.30322336603825,False,dwarf
151.6470632131371,16.201624088555278,,,simbad,,,,,,,,,-46.14589693797852,48.06032940249305,66.62761489417638,False,dwarf
151.79136666666668,16.08421111111111,,,simbad,,,,,,,,,9.514343268930276,0.9277394601693856,9.559467994872634,False,dwarf
152.06017316489,16.083666120649998,,,simbad,,,,,,,,,113.19747693156648,0.7089662675873187,113.1996970704476,False,dwarf
152.10344,16.13138,,,simbad,,,,,,,,,129.88621428547677,19.862545019395718,131.39615426663107,False,dwarf
151.795304,16.190215,,,simbad,,,,,,,,,11.03303817016484,43.48042772384497,44.85839415664387,False,dwarf
151.62490432309,16.336726245700003,,,simbad,,,,,,,,,-54.692949087968934,102.29381118310454,115.99716585461822,False,dwarf
151.81158333333335,16.107533333333336,,,simbad,,,,,,,,,17.312247583250695,10.28987949334148,20.1394025822828,False,dwarf
151.74694816666664,16.351075166666668,,,simbad,,,,,,,,,-7.618610372589772,108.05383722756989,108.3220889920957,False,dwarf
151.588092,15.816261699999998,,,simbad,,,,,,,,,-68.89207388814867,-106.63404795121161,126.95250303586548,False,dwarf
151.7875400729,15.72426472982,,,simbad,,,,,,,,,8.038362458913943,-143.56399867571253,143.7888625269039,False,dwarf
151.90655678747,15.75526705174,,,simbad,,,,,,,,,53.94508720855396,-131.11886903056615,141.78233405397603,False,dwarf
151.89557536942,15.82183541484,,,simbad,,,,,,,,,49.709371766369095,-104.39661541412953,115.62731057727132,False,dwarf
151.58311794145,15.77021124006,,,simbad,,,,,,,,,-70.81065093480916,-125.11988735545809,143.7676406485615,False,dwarf
151.7786617323,15.745192419710003,,,simbad,,,,,,,,,4.613838940274203,-135.16308552712397,135.24181009946378,False,dwarf
151.76261252835,15.813168431790006,,,simbad,,,,,,,,,-1.5766057451291333,-107.87576539417987,107.88728583598582,False,dwarf
151.84705000000002,16.220625,,,simbad,,,,,,,,,30.99233033748312,55.687784111069064,63.73110574082889,False,dwarf
151.55999926054,16.00361185119,,,simbad,,,,,,,,,-79.72791037138875,-31.426877126592533,85.69823976090841,False,dwarf
151.74391635609,16.23755462111,,,simbad,,,,,,,,,-8.788030097684647,62.483769589216585,63.0987395680462,False,dwarf
151.8168926996796,16.032230018926107,,,simbad,,,,,,,,,19.360158419417104,-19.938808310283164,27.791578056295112,False,dwarf
151.69118496943,16.09755747402,,,simbad,,,,,,,,,-29.127402275899577,6.2853129064723845,29.79783082162774,False,dwarf
151.76240912815,15.88393030311,,,simbad,,,,,,,,,-1.655060582578559,-79.47012968783102,79.4873621284081,False,dwarf
151.56197020193,16.14964383861,,,simbad,,,,,,,,,-78.96768552217378,27.19411972873487,83.51895296607651,False,dwarf
151.6615125,16.23403888888889,,,simbad,,,,,,,,,-40.57256686211889,61.072464223048904,73.32106837776368,False,dwarf
151.58540455743,16.07853987294,,,simbad,,,,,,,,,-69.92866515003277,-1.3488414510948177,69.94167272038608,False,dwarf
151.74900833333334,16.03847222222222,,,simbad,,,,,,,,,-6.823969851306381,-17.43302730807378,18.721031105566396,False,dwarf
151.73101572716,16.0711944875,,,simbad,,,,,,,,,-13.764017071667254,-4.297468148483141,14.41930644782802,False,dwarf
151.87035,16.07963611111111,,,simbad,,,,,,,,,39.97952756040633,-0.9087832452410738,39.98985510026412,False,dwarf
151.64507638849,15.99686798967,,,simbad,,,,,,,,,-46.91224822342739,-34.134036646512826,58.016303666830986,False,dwarf
151.81941795156,16.15004513882,,,simbad,,,,,,,,,20.33419003687354,27.355211957664437,34.08499531618619,False,dwarf
151.57367965104999,16.138904974319995,,,simbad,,,,,,,,,-74.45115639714314,22.88326331367002,77.88849997756166,False,dwarf
151.83495624936,16.169170904380003,,,simbad,,,,,,,,,26.32756972946378,35.0327863203565,43.82279139018343,False,dwarf
151.86686950404,15.76481669919,,,simbad,,,,,,,,,38.63704242623979,-127.28539485120139,133.02027210118501,False,dwarf
151.71557083333332,16.299788888888894,,,simbad,,,,,,,,,-19.721369299472382,87.46620583633586,89.66197393795457,False,dwarf
151.70561189292,15.97367342944,,,simbad,,,,,,,,,-23.56269812461959,-43.444929871521765,49.4233009263181,False,dwarf
151.9095364464,16.16880809228,,,simbad,,,,,,,,,55.09439117684256,34.88714420899952,65.21123193289999,False,dwarf
151.87902083333333,16.072955555555556,,,simbad,,,,,,,,,43.32401207773575,-3.5905301222976527,43.47254224301726,False,dwarf
152.0398,15.838730000000002,,,simbad,,,,,,,,,105.33920865166903,-97.61469426771629,143.61398753721585,False,dwarf
151.72593750000001,15.922425000000004,,,simbad,,,,,,,,,-15.722773682388365,-64.01736796621199,65.91986812478457,False,dwarf
151.7392375,16.05001388888889,,,simbad,,,,,,,,,-10.592742649556111,-12.799905364549168,16.61456512163769,False,dwarf
151.89286580119,16.116939970620002,,,simbad,,,,,,,,,48.6642462697121,14.065945713785444,50.65628977552883,False,dwarf
151.69899151826,16.034316448370003,,,simbad,,,,,,,,,-26.116286655053603,-19.101261851932062,32.356122032545954,False,dwarf
151.6571375,15.985227777777776,,,simbad,,,,,,,,,-42.26007707028675,-38.80671717894152,57.374867426364744,False,dwarf
151.91378266453,15.918623635389999,,,simbad,,,,,,,,,56.73222807752262,-65.54333352201968,86.68606734544343,False,dwarf
151.65103749999997,16.046194444444446,,,simbad,,,,,,,,,-44.61294844625744,-14.333128631058123,46.85887050946579,False,dwarf
151.81547916666668,16.04999444444445,,,simbad,,,,,,,,,18.81493524480665,-12.807710864813693,22.760475519262208,False,dwarf
151.76565650348,16.23064334865,,,simbad,,,,,,,,,-0.4024939496358834,59.709407010839435,59.7107635771439,False,dwarf
151.74650833333334,16.115213888888892,,,simbad,,,,,,,,,-7.78826139883648,13.373052098358261,15.475643380551604,False,dwarf
151.5862556559,16.099450700970003,,,simbad,,,,,,,,,-69.60038232573793,7.045302913068707,69.9560541556325,False,dwarf
151.59900833333333,16.05560277777778,,,simbad,,,,,,,,,-64.68146270282772,-10.55638157384725,65.53723223717915,False,dwarf
151.8050375,16.110458333333337,,,simbad,,,,,,,,,14.78741088131008,11.464049747621052,18.710744431706026,False,dwarf
151.55962916666667,16.014133333333334,,,simbad,,,,,,,,,-79.87066172893218,-27.20328349800205,84.37618880993726,False,dwarf
151.9279753848,16.018588146800003,,,simbad,,,,,,,,,62.2065961546137,-25.415006759223367,67.19808906296792,False,dwarf
151.76813333333337,16.083175,,,simbad,,,,,,,,,0.5528604872713965,0.5118178031474074,0.7534004127982704,False,dwarf
151.71177083333333,16.064222222222224,,,simbad,,,,,,,,,-21.18709245169615,-7.0963148131362175,22.343915737485595,False,dwarf
151.46511629715,16.215105799680003,,,simbad,,,,,,,,,-116.32584621184796,53.47223510486526,128.0272721884384,False,dwarf
151.76995833333336,16.025741666666672,,,simbad,,,,,,,,,1.2567933169609098,-22.543399839278223,22.57840573989065,False,dwarf
151.7486875,16.20294444444444,,,simbad,,,,,,,,,-6.947720599915499,48.59035422646557,49.08455302218704,False,dwarf
151.72449999999998,16.048822222222224,,,simbad,,,,,,,,,-16.27724132222406,-13.278271023700105,21.006214947980332,False,dwarf
151.84883673503,15.90209028204,,,simbad,,,,,,,,,31.681503732308677,-72.18024692614145,78.82706213642014,False,dwarf
151.69686120456,16.16696017661,,,simbad,,,,,,,,,-26.937984052845046,34.14534331596414,43.492061976829646,False,dwarf
151.650375,16.107977777777776,,,simbad,,,,,,,,,-44.86848570634625,10.4682909279889,46.07348613393187,False,dwarf
151.96981232624,15.960839810169997,,,simbad,,,,,,,,,78.3437997565811,-48.59667482932761,92.19212420140173,False,dwarf
151.76908448159,16.02523194946,,,simbad,,,,,,,,,0.9197341769999985,-22.74801344002031,22.766598920868404,False,dwarf
151.58224372833,16.03050486626,,,simbad,,,,,,,,,-71.14784946374314,-20.63132897511538,74.07879736196378,False,dwarf
151.80645581807,16.41284181108,,,simbad,,,,,,,,,15.33447973194388,132.84855742475804,133.7306452481578,False,dwarf
151.87597657071,16.06722907555,,,simbad,,,,,,,,,42.14978939129318,-5.889286527169579,42.559234503565406,False,dwarf
151.76512260118,16.24709373563,,,simbad,,,,,,,,,-0.6084289396738827,66.31301557948844,66.31580672072164,False,dwarf
151.877875,15.905641666666668,,,simbad,,,,,,,,,42.882045118451124,-70.75462976712011,82.73504352463421,False,dwarf
151.62895254796,15.928775236539996,,,simbad,,,,,,,,,-53.13148147810981,-61.46821964043547,81.24836213625197,False,dwarf
151.78473243766,16.158359133010002,,,simbad,,,,,,,,,6.955410886735897,30.692663127629803,31.4708962450943,False,dwarf
151.9172778016,15.982111751639998,,,simbad,,,,,,,,,58.08036053113073,-40.05757023963758,70.5544981764425,False,dwarf
152.02117199999998,15.840584000000002,,,simbad,,,,,,,,,98.15407947274156,-96.87045096808106,137.90615500368597,False,dwarf
151.64554086734,15.95450696073,,,simbad,,,,,,,,,-46.733091011797626,-51.13884352583115,69.2759923254543,False,dwarf
151.91265833333335,15.953583333333334,,,simbad,,,,,,,,,56.29855484970455,-51.509611325900536,76.30705954962839,False,dwarf
152.09394999999998,15.984938888888893,,,simbad,,,,,,,,,126.225763571054,-38.92268461146126,132.09057031619975,False,dwarf
151.81772083333337,16.061197222222226,,,simbad,,,,,,,,,19.679583332437478,-8.310627640210788,21.36240931900207,False,dwarf
151.8118041666667,15.966344444444445,,,simbad,,,,,,,,,17.397426669953504,-46.386973008561206,49.54212066144722,False,dwarf
151.81126666666668,16.39672222222222,,,simbad,,,,,,,,,17.190103987235318,126.37773973312821,127.54149432692977,False,dwarf
151.763125,16.059722222222224,,,simbad,,,,,,,,,-1.3789369129468427,-8.902730588950746,9.008888885391286,False,dwarf
151.9129841942,16.03966096664,,,simbad,,,,,,,,,56.42424480144754,-16.955834714809882,58.91685439914144,False,dwarf
151.67544008447,16.18222811152,,,simbad,,,,,,,,,-35.20046606936086,40.27428520163645,53.4891658189112,False,dwarf
151.55087304166668,15.937831111111112,,,simbad,,,,,,,,,-83.24804465955764,-57.83295859842291,101.36512240354963,False,dwarf
151.965339,16.332039055555562,,,simbad,,,,,,,,,76.61836348355736,100.41225246729107,126.30516247744396,False,dwarf
151.70375371041,16.10372296754,,,simbad,,,,,,,,,-24.279429999867357,8.76030063096339,25.811501085045723,False,dwarf
151.69975566087,16.13664297163,,,simbad,,,,,,,,,-25.821544151079337,21.975237237193966,33.90668361808768,False,dwarf
151.58668749999998,16.142533333333336,,,simbad,,,,,,,,,-69.43381287955577,24.339779971896235,73.57634986919021,False,dwarf
151.7854375,16.067097222222223,,,simbad,,,,,,,,,7.227365148714145,-5.94221584525606,9.356534408874902,False,dwarf
151.56472793356,16.01581131266,,,simbad,,,,,,,,,-77.90398260171237,-26.52969942529587,82.29735996254344,False,dwarf
151.76254272909,16.07362182832,,,simbad,,,,,,,,,-1.6035284797059772,-3.323071092810992,3.689729674800608,False,dwarf
151.66116911055,16.16183116671,,,simbad,,,,,,,,,-40.70501787977563,32.08642678314971,51.830852436587236,False,dwarf
151.94654105441,16.14386949601,,,simbad,,,,,,,,,69.36768346624642,24.876150047048295,73.69327208529025,False,dwarf
151.58356666666666,16.085522222222224,,,simbad,,,,,,,,,-70.63757016137467,1.4540531923836753,70.65253420075892,False,dwarf
151.68562232236,16.024850153919996,,,simbad,,,,,,,,,-31.273007696482914,-22.901275992597945,38.76170084598227,False,dwarf
151.8618,16.054525,,,simbad,,,,,,,,,36.6816504678636,-10.98902930286938,38.29232620337709,False,dwarf
151.76333333333332,16.07361111111111,,,simbad,,,,,,,,,-1.2985792839958155,-3.327373256192423,3.571795198894759,False,dwarf
151.60601712427,15.779321543990001,,,simbad,,,,,,,,,-61.97805555938485,-121.4627769684331,136.36159855254527,False,dwarf
151.69905510695,15.991608993020002,,,simbad,,,,,,,,,-26.09175944053734,-36.2451332050705,44.65970881853322,False,dwarf
151.6101385507,15.827122738339998,,,simbad,,,,,,,,,-60.38835289131476,-102.27414772918975,118.77185886672858,False,dwarf
151.76380275215,16.02793136042,,,simbad,,,,,,,,,-1.1175166451246572,-21.664400430342845,21.693203761970473,False,dwarf
151.8036966201,16.020345920780006,,,simbad,,,,,,,,,14.270211219783267,-24.70939105971398,28.534066215650046,False,dwarf
151.7021508079,16.166166286550002,,,simbad,,,,,,,,,-24.89769613663591,33.82665542070973,42.00164151391807,False,dwarf
151.76027803033,15.84868491202,,,simbad,,,,,,,,,-2.4770604284882367,-93.61853646332364,93.65130110095129,False,dwarf
151.5834779034,16.01742958796,,,simbad,,,,,,,,,-70.67180762849071,-25.880082084955237,75.26143130583166,False,dwarf
151.58733276167,16.113942231159996,,,simbad,,,,,,,,,-69.1849247298108,12.862575968821732,70.37044600131007,False,dwarf
151.81284166666666,16.11893888888889,,,simbad,,,,,,,,,17.79760766216397,14.868362935004209,23.191012372540456,False,dwarf
151.68440833333332,16.009925,,,simbad,,,,,,,,,-31.741263439365582,-28.892616769828294,42.921918742472,False,dwarf
151.7623125,16.026775000000008,,,simbad,,,,,,,,,-1.6923316658901992,-22.128593253720965,22.193211256057552,False,dwarf
151.83952083333335,16.266750000000002,,,simbad,,,,,,,,,28.088205626844587,74.2035458131648,79.34175134557057,False,dwarf
151.77200225482,15.980740655490001,,,simbad,,,,,,,,,2.0451678023037494,-40.60796350975193,40.659432014588255,False,dwarf
151.83140191243,16.1346978298,,,simbad,,,,,,,,,24.956602905998977,21.1944072621042,32.74194447187967,False,dwarf
151.71584594124,15.828228221159998,,,simbad,,,,,,,,,-19.61525560783813,-101.83037848342558,103.70238297473462,False,dwarf
151.73061666666663,15.920697222222216,,,simbad,,,,,,,,,-13.917941335947098,-64.7109424184112,66.19074829392544,False,dwarf
151.61890975767,16.2760090155,,,simbad,,,,,,,,,-57.00515259420248,77.92035285043292,96.54620039454831,False,dwarf
151.92171217262,16.150895269180005,,,simbad,,,,,,,,,59.790771128411045,27.696476156288785,65.89409005067074,False,dwarf
151.68874999999997,16.42527777777778,,,simbad,,,,,,,,,-30.0666104518397,137.84067440928328,141.08172307449578,False,dwarf
151.41995416666668,16.04813888888889,,,simbad,,,,,,,,,-133.7456304891597,-13.552578604472954,134.43052503718516,False,dwarf
151.77331954678,16.07279975907,,,simbad,,,,,,,,,2.5532692033643816,-3.653070839924888,4.456917116837435,False,dwarf
151.6316125,15.967130555555554,,,simbad,,,,,,,,,-52.1054937705247,-46.07140778352736,69.55254917130108,False,dwarf
151.604404,15.990686,,,simbad,,,,,,,,,-62.60026439885744,-36.61564635002507,72.52240109398586,False,dwarf
151.823753,16.186686,,,simbad,,,,,,,,,22.006290264392078,42.06379632987978,47.47251597379567,False,dwarf
151.81738750000002,16.007113888888888,,,simbad,,,,,,,,,19.551011126096206,-30.021069093979058,35.826060704439755,False,dwarf
151.75439560032,16.081553570190003,,,simbad,,,,,,,,,-4.746011443509697,-0.13906583866513111,4.748048433768197,False,dwarf
151.79358134549,15.921484175360002,,,simbad,,,,,,,,,10.368581696854083,-64.39503918220652,65.22444754601031,False,dwarf
151.74007916666665,16.04168333333333,,,simbad,,,,,,,,,-10.268097828564517,-16.144004692740467,19.132765626960406,False,dwarf
151.69490798517,16.10232030222,,,simbad,,,,,,,,,-27.691373232137984,8.197234683800403,28.879176026037662,False,dwarf
151.85519939043,15.928960604460002,,,simbad,,,,,,,,,34.13568566112262,-61.393808188207665,70.24560284747656,False,dwarf
151.65505011286,16.10581040919,,,simbad,,,,,,,,,-43.06521698048253,9.598253414885571,44.12186965884836,False,dwarf
151.8659448386,15.8795359079,,,simbad,,,,,,,,,38.28038359900117,-81.23415298394404,89.80186734976897,False,dwarf
151.74390833333334,15.963594444444444,,,simbad,,,,,,,,,-8.791124608263072,-47.49089376044729,48.297710732954,False,dwarf
151.78654951851,15.889825533010002,,,simbad,,,,,,,,,7.656289168661647,-77.10363273373932,77.48282999848111,False,dwarf
151.79629573751,16.19690829491,,,simbad,,,,,,,,,11.415567809476004,46.16728850553442,47.557688299222406,False,dwarf
151.59787708528,16.009084563710005,,,simbad,,,,,,,,,-65.11780387722233,-29.229989519342027,71.377312005239,False,dwarf
151.79914166666669,16.108430555555557,,,simbad,,,,,,,,,12.513289981735928,10.650047577038135,16.431857459221966,False,dwarf
151.83800809643,16.05960734322,,,simbad,,,,,,,,,27.5047178630329,-8.948845976044783,28.923888898763494,False,dwarf
151.85544304378,15.93801716854,,,simbad,,,,,,,,,34.22966680750284,-57.75827035958942,67.13931698106622,False,dwarf
151.84426697891,16.14648301127,,,simbad,,,,,,,,,29.918872852008487,25.925282312823427,39.58862482752142,False,dwarf
151.72485840653,15.81586147399,,,simbad,,,,,,,,,-16.13899796723475,-106.79470896862398,108.00730123042378,False,dwarf
151.71400466862,15.956046304080001,,,simbad,,,,,,,,,-20.32546505750038,-50.52091150097881,54.45628548380253,False,dwarf
151.804718,16.132378,,,simbad,,,,,,,,,14.664174421534886,20.263167895898103,25.01267647898868,False,dwarf
151.61429583333333,15.963808333333333,,,simbad,,,,,,,,,-58.78481988970942,-47.405033257523485,75.51749616885138,False,dwarf
151.8109462914,16.05066278256,,,simbad,,,,,,,,,17.066529922551805,-12.539422750256824,21.177902788213345,False,dwarf
151.94662618449,16.095989235789997,,,simbad,,,,,,,,,69.40051955287413,5.655781733380715,69.63059658817026,False,dwarf
151.60706666666667,15.906127777777778,,,simbad,,,,,,,,,-61.57322961463884,-70.55949226047382,93.64776854379875,False,dwarf
151.6264017107,16.11227935239,,,simbad,,,,,,,,,-54.115381801685665,12.195053648069443,55.472460563972675,False,dwarf
151.76462189612,16.11178326977,,,simbad,,,,,,,,,-0.8015592025424944,11.99591332120753,12.02266333077263,False,dwarf
151.75251998676,15.86339844255,,,simbad,,,,,,,,,-5.469466764441934,-87.71214675947597,87.88251109204371,False,dwarf
151.92722595214,15.987706624809997,,,simbad,,,,,,,,,61.917527522823576,-37.81164420453403,72.54998726388509,False,dwarf
151.93038333333334,16.109022222222226,,,simbad,,,,,,,,,63.135381921643095,10.887557799413973,64.06727218500346,False,dwarf
151.57608838053,15.88992036538,,,simbad,,,,,,,,,-73.52206940600102,-77.06556458057878,106.51101320457049,False,dwarf
151.82440000000003,16.205249999999996,,,simbad,,,,,,,,,22.25584891690675,49.51586354370296,54.28760036592879,False,dwarf
151.69411339673,15.96805751685,,,simbad,,,,,,,,,-27.997859198730563,-45.69930167111536,53.59390163945473,False,dwarf
151.6579291666667,15.992897222222219,,,simbad,,,,,,,,,-41.95471808022377,-35.72800485979255,55.10615846212123,False,dwarf
151.71804130281,16.043298959489995,,,simbad,,,,,,,,,-18.768468165547922,-15.495450786692345,24.338537186198973,False,dwarf
151.70623124999997,15.921348999999996,,,simbad,,,,,,,,,-23.3238018057665,-64.44930204949895,68.53985895332895,False,dwarf
151.74972249989,16.15340538851,,,simbad,,,,,,,,,-6.548503941669051,28.70410263559525,29.44161021392752,False,dwarf
151.82166,16.296654,,,simbad,,,,,,,,,21.198985380811326,86.20778078204172,88.77600153498925,False,dwarf
151.62113333333332,16.106608333333337,,,simbad,,,,,,,,,-56.14748250723736,9.918560694981037,57.016818906008325,False,dwarf
151.66821187874,16.176334019769996,,,simbad,,,,,,,,,-37.98850514505057,37.90824513023633,53.667136797202254,False,dwarf
151.85468570723,16.07928220468,,,simbad,,,,,,,,,33.93754951398302,-1.0508503919797185,33.95381500745348,False,dwarf
151.68825553255,16.142536217299998,,,simbad,,,,,,,,,-30.25733476485775,24.340937670313313,38.83281542384928,False,dwarf
151.78642083333335,15.917483333333335,,,simbad,,,,,,,,,7.606653157412066,-66.00108010520923,66.4379691690784,False,dwarf
151.8426375,15.918219444444444,,,simbad,,,,,,,,,29.290355756089358,-65.70558616657351,71.93850842081238,False,dwarf
151.89670570428,15.954219936779998,,,simbad,,,,,,,,,50.145360706920506,-51.254062323902396,71.704505473015,False,dwarf
151.74391077394,16.01665972126,,,simbad,,,,,,,,,-8.790183225707956,-26.18912638543236,27.624946370512053,False,dwarf
151.7596,16.289102777777785,,,simbad,,,,,,,,,-2.7385879949650676,83.1765259045103,83.22159771207136,False,dwarf
151.55739097952,16.28295967957,,,simbad,,,,,,,,,-80.73396770785227,80.71052823452779,114.15849906927228,False,dwarf
151.70868333333334,15.961524999999996,,,simbad,,,,,,,,,-22.377992512892682,-48.32162200303036,53.25179529284275,False,dwarf
151.64489166666667,16.11587222222222,,,simbad,,,,,,,,,-46.98349850058264,13.637324035928211,48.92265056408081,False,dwarf
151.61835140218,15.941339758220003,,,simbad,,,,,,,,,-57.22051958601263,-56.42449737858629,80.36113342978274,False,dwarf
151.81075778741,16.03182707873,,,simbad,,,,,,,,,16.99382080086378,-20.1005588718291,26.321519947976753,False,dwarf
151.93110052809,16.38315993935,,,simbad,,,,,,,,,63.41201585836789,120.93349045836682,136.55033090280594,False,dwarf
151.65622464505,16.1986489548,,,simbad,,,,,,,,,-42.61218039524215,46.866034169006475,63.342111401240345,False,dwarf
151.82541914205,16.06742057966,,,simbad,,,,,,,,,22.648948942711254,-5.812411850406207,23.38287877333079,False,dwarf
151.82725309762,15.90764937826,,,simbad,,,,,,,,,23.356336084583294,-69.94868267923538,73.74507877720634,False,dwarf
151.71488201412,16.146588317179997,,,simbad,,,,,,,,,-19.987058317537326,25.967554814402327,32.76883280233868,False,dwarf
151.59318488664,16.081199767960005,,,simbad,,,,,,,,,-66.9276628723645,-0.28109115639612936,66.92825315063199,False,dwarf
151.68928739803,16.1065446434,,,simbad,,,,,,,,,-29.85932710063842,9.892993917126558,31.455535976155662,False,dwarf
151.92436777708,15.956715326830002,,,simbad,,,,,,,,,60.815081902142374,-50.25234855653876,78.8908912499545,False,dwarf
151.5780916666667,16.060825,,,simbad,,,,,,,,,-72.7493686504432,-8.46004721672955,73.23962751098193,False,dwarf
151.67113791435,16.16803055061,,,simbad,,,,,,,,,-36.85988458246157,34.57501897810123,50.53793653057521,False,dwarf
151.87552705433,16.23481200406,,,simbad,,,,,,,,,41.976403453012715,61.38281254340766,74.36308306269464,False,dwarf
151.83248591956,16.01825031289,,,simbad,,,,,,,,,25.37472247116575,-25.550621982475818,36.00987120471358,False,dwarf
151.7587875,15.946352777777774,,,simbad,,,,,,,,,-3.051982747908424,-54.412142353336634,54.49766815353939,False,dwarf
151.5007140047,16.088499316149996,,,simbad,,,,,,,,,-102.5952188111406,2.6491352895408604,102.62941508499456,False,dwarf
151.79567977253,16.08688513304,,,simbad,,,,,,,,,11.177979879961967,2.001160659552248,11.35569804909298,False,dwarf
151.78954217928,15.94214319442,,,simbad,,,,,,,,,8.810608162711931,-56.10197741713413,56.789600159795754,False,dwarf
151.56087737415,15.82414056002,,,simbad,,,,,,,,,-79.38920735862906,-103.47127083219826,130.4183657797533,False,dwarf
151.59115194585,15.884281578199996,,,simbad,,,,,,,,,-67.7118019205323,-79.32911882911586,104.29763762199691,False,dwarf
151.88726215222,15.838166329320002,,,simbad,,,,,,,,,46.50282573488914,-97.84096618076427,108.3299010639026,False,dwarf
151.7754010945,15.87987558513,,,simbad,,,,,,,,,3.3561567522400857,-81.0977978046199,81.16721380523431,False,dwarf
151.78568899403,15.895444744649998,,,simbad,,,,,,,,,7.324370575671563,-74.84793661059952,75.20545205764066,False,dwarf
151.88720180033,15.957912370250002,,,simbad,,,,,,,,,46.47954700792225,-49.77182453026674,68.09980034576692,False,dwarf
151.87171729239,16.33028880313,,,simbad,,,,,,,,,40.5069149582776,99.70965611324894,107.62353683864647,False,dwarf
152.06022913149,16.21196021865,,,simbad,,,,,,,,,113.21906417930401,52.209517950042915,124.67714408909603,False,dwarf
151.58869492464,16.329010740499996,,,simbad,,,,,,,,,-68.6595158344876,99.19660889162313,120.6403594582837,False,dwarf
151.58305863622,16.33308929573,,,simbad,,,,,,,,,-70.83352594762425,100.83384589384781,123.2268350478783,False,dwarf
151.63264999999998,16.10730277777778,,,simbad,,,,,,,,,-51.70531277830442,10.19732856161787,52.70127967417753,False,dwarf
151.74591509065,16.16658557779,,,simbad,,,,,,,,,-8.01708496091022,33.994969711952706,34.92751947944535,False,dwarf
151.7561125,16.051213888888892,,,simbad,,,,,,,,,-4.083774703757386,-12.318194490998968,12.97748555572789,False,dwarf
151.66857083333332,16.04391666666667,,,simbad,,,,,,,,,-37.85005039294403,-15.247487233629176,40.805786130009636,False,dwarf
151.87725,15.936658333333334,,,simbad,,,,,,,,,42.64097223157842,-58.303741771601246,72.23280984029212,False,dwarf
151.83148833308,15.932492349130001,,,simbad,,,,,,,,,24.98993678692719,-59.97607501308877,64.97404493018938,False,dwarf
151.83820779862,16.18841133478,,,simbad,,,,,,,,,27.581746316572936,42.756390099913666,50.88085714930302,False,dwarf
151.88798333333335,15.96018611111111,,,simbad,,,,,,,,,46.78099727562605,-48.85908644990716,67.64371393427207,False,dwarf
151.68139278149,16.04442514093,,,simbad,,,,,,,,,-32.904411900831924,-15.04337258232602,36.18015175742479,False,dwarf
151.7923552,15.808187400000001,,,simbad,,,,,,,,,9.895637004033388,-109.87527970646777,110.31999239616599,False,dwarf
151.79821666666666,16.26408888888889,,,simbad,,,,,,,,,12.156502109144295,73.13530734820716,74.13874644506983,False,dwarf
151.50501819288,15.86250524154,,,simbad,,,,,,,,,-100.93502189877488,-88.07070062512884,133.9564367781826,False,dwarf
151.525634,16.254275,,,simbad,,,,,,,,,-92.98316247827978,69.1957598568792,115.90479578789254,False,dwarf
151.78102300471,16.2639078871,,,simbad,,,,,,,,,5.524620950812229,73.06264857334132,73.27122254474622,False,dwarf
151.79860438287,15.77998453209,,,simbad,,,,,,,,,12.306050692230889,-121.19663648776269,121.81979962053232,False,dwarf
151.877679,16.218238,,,simbad,,,,,,,,,42.80644466113046,54.72958089843233,69.4817870369241,False,dwarf
151.98500649218,15.8385874653,,,simbad,,,,,,,,,84.20444207162583,-97.67191136342379,128.95809526345488,False,dwarf
151.75298750000002,16.102722222222226,,,simbad,,,,,,,,,-5.289139138160195,8.358575713274142,9.891449882466892,False,dwarf
151.6808833333333,15.91360277777778,,,simbad,,,,,,,,,-33.10091452138381,-67.55883494398157,75.23208571573768,False,dwarf
151.83309929182,15.95545786713,,,simbad,,,,,,,,,25.611310345483226,-50.757125231990166,56.85266026694431,False,dwarf
151.64535025019,16.238105767099995,,,simbad,,,,,,,,,-46.80661521442456,62.70501376946175,78.24818195753552,False,dwarf
151.81093779476,15.991355158390004,,,simbad,,,,,,,,,17.06325262730533,-36.34702895619834,40.15297129934425,False,dwarf
151.72103495951,16.16291667226,,,simbad,,,,,,,,,-17.61376502474987,32.522176638761444,36.98562817730561,False,dwarf
151.75790416666666,16.144969444444442,,,simbad,,,,,,,,,-3.3926990947000366,25.31769764805969,25.544005585376492,False,dwarf
151.81226285692,16.08022651691,,,simbad,,,,,,,,,17.574351123636774,-0.6717791676312812,17.587185808620337,False,dwarf
151.7927916666667,16.065541666666665,,,simbad,,,,,,,,,10.063989451024002,-6.566655866525217,12.016857032506147,False,dwarf
151.65271249999998,16.198516666666666,,,simbad,,,,,,,,,-43.96687310941267,46.81293030878225,64.22255347706208,False,dwarf
151.68575761195,15.998305078329997,,,simbad,,,,,,,,,-31.220824253236188,-33.55715228503164,45.83472849851153,False,dwarf
151.77616098977,15.970080744820002,,,simbad,,,,,,,,,3.6492609865807,-44.88712591043037,45.03522152989824,False,dwarf
151.55824583333333,15.910019444444448,,,simbad,,,,,,,,,-80.40423638522589,-68.99727713583364,105.95029721926369,False,dwarf
151.87324929507,16.18534136342,,,simbad,,,,,,,,,41.09783385231699,41.52402461191307,58.42325365232079,False,dwarf
151.81468887816,16.25530578407,,,simbad,,,,,,,,,18.51010783397567,69.60954310254769,72.02855394196702,False,dwarf
151.89382020548,16.264378780319998,,,simbad,,,,,,,,,49.032375865631856,73.25167722696918,88.14750194754626,False,dwarf
151.6433189877,16.1407838892,,,simbad,,,,,,,,,-47.59010691438846,23.637508087149484,53.1370874690454,False,dwarf
151.91509366562,15.988255120690003,,,simbad,,,,,,,,,57.237902985468985,-37.591463846620876,68.47843231489578,False,dwarf
151.8732244426,16.21280964414,,,simbad,,,,,,,,,41.088247841617,52.550499195712085,66.70681431767433,False,dwarf
151.87499345061,16.33664599968,,,simbad,,,,,,,,,41.7705836302293,102.26159836610921,110.46364178860577,False,dwarf
151.91317916666668,15.899258333333332,,,simbad,,,,,,,,,56.499448922096846,-73.31706399725768,92.5612208307486,False,dwarf
151.57974456405,15.977172221659998,,,simbad,,,,,,,,,-72.11181866017898,-42.04042465763275,83.47162209920587,False,dwarf
151.98648147873,16.145315256550003,,,simbad,,,,,,,,,84.77336889678679,25.456515524271694,88.51304003788472,False,dwarf
151.98677083333337,16.098888888888887,,,simbad,,,,,,,,,84.88497777609459,6.819777089430101,85.15849230462918,False,dwarf
151.89444583333335,15.948249999999998,,,simbad,,,,,,,,,49.273690925976446,-53.650548541681054,72.84420345018489,False,dwarf
151.82343333333333,16.054372222222224,,,simbad,,,,,,,,,21.882989518515096,-11.050358233529789,24.51480465671267,False,dwarf
151.91227957128,15.970926170030001,,,simbad,,,,,,,,,56.152460031071854,-44.54775048007226,71.67705937310696,False,dwarf
151.81461698733,16.09782901611,,,simbad,,,,,,,,,18.48237834608646,6.394316887623042,19.55723901237664,False,dwarf
151.707244726,16.046429476260002,,,simbad,,,,,,,,,-22.93288726959179,-14.238780813404905,26.993706628990264,False,dwarf
151.70352916666667,15.977872222222226,,,simbad,,,,,,,,,-24.366040253371732,-41.75942642236913,48.34825346125952,False,dwarf
151.66752916666667,15.97395,,,simbad,,,,,,,,,-38.25183853773842,-43.33390733314163,57.80164942520686,False,dwarf
151.97941388555,16.10055969607,,,simbad,,,,,,,,,82.04728075086133,7.490482078386873,82.38849191711968,False,dwarf
151.75313934696,16.0501498132,,,simbad,,,,,,,,,-5.230569242144364,-12.745341849014713,13.776886202807674,False,dwarf
152.00366027218,16.14761459873,,,simbad,,,,,,,,,91.39951502499753,26.379530632703485,95.13017913998948,False,dwarf
151.57292083333334,15.902674999999999,,,simbad,,,,,,,,,-74.74384500124815,-71.94552609339854,103.74392073961008,False,dwarf
151.7473004116345,16.1816763635012,,,simbad,,,,,,,,,-7.482743634511347,40.05279935153971,40.74577509625409,False,dwarf
151.65291042165,15.903632098160001,,,simbad,,,,,,,,,-43.89053143973343,-71.561322267792,83.94880341480163,False,dwarf
151.59518749999998,15.945275000000004,,,simbad,,,,,,,,,-66.15522161797111,-54.84479008235621,85.93290607503386,False,dwarf
151.90382083333333,15.999686111111107,,,simbad,,,,,,,,,52.889784229184876,-33.002770195540435,62.341896958541334,False,dwarf
151.85092275982,16.073590504959995,,,simbad,,,,,,,,,32.486118161482814,-3.335645095403239,32.65691965578369,False,dwarf
151.87596113356,16.26831862374,,,simbad,,,,,,,,,42.143835025978966,74.83323173988681,85.88431407033845,False,dwarf
152.10134899999997,16.126910000000002,,,simbad,,,,,,,,,129.07968083510764,18.068172015421602,130.33810971650664,False,dwarf
151.67589583333333,16.177925000000002,,,simbad,,,,,,,,,-35.02467615869222,38.54690552723427,52.08254857192366,False,dwarf
151.92095,15.899574999999999,,,simbad,,,,,,,,,59.496788482318564,-73.18994585007033,94.32198054136683,False,dwarf
151.712385,16.394444,,,simbad,,,,,,,,,-20.950198161518095,125.4632027191221,127.20033820531454,False,dwarf
151.74211364078,16.11707603588,,,simbad,,,,,,,,,-9.483367352097684,14.120565809830177,17.009545412049587,False,dwarf
151.69092999302,15.9950249107,,,simbad,,,,,,,,,-29.225750914690003,-34.873895963730085,45.50091357562585,False,dwarf
151.64009454834,16.15249759084,,,simbad,,,,,,,,,-48.833826762537385,28.339689295076575,56.46131972966086,False,dwarf
151.7537375,16.066899999999997,,,simbad,,,,,,,,,-4.999851673907054,-6.021385919382616,7.826596013032128,False,dwarf
151.55041666666668,15.944166666666668,,,simbad,,,,,,,,,-83.4240760815539,-55.28970359751067,100.08260485199953,False,dwarf
151.57673333333335,15.899569444444447,,,simbad,,,,,,,,,-73.2733003912726,-73.19217599300232,103.56674744733608,False,dwarf
151.71266666666665,16.07369166666667,,,simbad,,,,,,,,,-20.841554647172384,-3.295036183660671,21.10041856368508,False,dwarf
151.7885125,16.09152222222222,,,simbad,,,,,,,,,8.413443752168709,3.8626075601346788,9.257741243657454,False,dwarf
151.66390026083,16.0023871175,,,simbad,,,,,,,,,-39.651567827766584,-31.91851673965751,50.90224496090296,False,dwarf
151.71416666666667,16.145833333333332,,,simbad,,,,,,,,,-20.262979718656286,25.66448487415801,32.69945153874238,False,dwarf
151.81581438115,16.09563006147,,,simbad,,,,,,,,,18.94423304195884,5.511599920511534,19.729716146762673,False,dwarf
151.77811250000002,16.079016666666664,,,simbad,,,,,,,,,4.4019909144721545,-1.1574441822819748,4.551615212888034,False,dwarf
151.75593317649,16.04286928398,,,simbad,,,,,,,,,-4.152942761748612,-15.667933591078043,16.208981355927087,False,dwarf
151.76310739644,15.808100737370003,,,simbad,,,,,,,,,-1.3857268985968316,-109.91006831580114,109.9188034697502,False,dwarf
151.88484243077,16.03201058636,,,simbad,,,,,,,,,45.569498958249085,-20.026894187871015,49.77605575091347,False,dwarf
151.74822457538,16.06749156626,,,simbad,,,,,,,,,-7.126278319193668,-5.783916002824796,9.178100403152195,False,dwarf
151.6695955189,16.11056296828,,,simbad,,,,,,,,,-37.45481214061502,11.506052907255315,39.18229454732482,False,dwarf
151.78848134034,16.14199355748,,,simbad,,,,,,,,,8.401424953464678,24.12310005703633,25.54423413630726,False,dwarf
151.55056331151627,15.937517257391109,,,simbad,,,,,,,,,-83.36751272597427,-57.95894755644782,101.53512584306256,False,dwarf
151.81111554313,15.95325960827,,,simbad,,,,,,,,,17.131813127606716,-51.639562895107574,54.40720059915791,False,dwarf
151.84393842883,15.89265828514,,,simbad,,,,,,,,,29.792145625971457,-75.96649314782866,81.59950993834576,False,dwarf
151.49564472244,16.244547353600005,,,simbad,,,,,,,,,-104.55052522527458,65.29083231943689,123.26274826501964,False,dwarf
151.55802205372,16.312931681810003,,,simbad,,,,,,,,,-80.49055190108328,92.74206105210192,122.79991381728564,False,dwarf
151.86534470833334,16.395367166666666,,,simbad,,,,,,,,,38.04890338158496,125.83378557031638,131.46049079285208,False,dwarf
151.885108625,16.334890305555554,,,simbad,,,,,,,,,45.6721744966426,101.55681757413026,111.35409610354235,False,dwarf
152.06902299786,16.11365424562,,,simbad,,,,,,,,,116.61100458356773,12.746971163787146,117.3056335554234,False,dwarf
151.6093490833333,15.93437511111111,,,simbad,,,,,,,,,-60.692863574807085,-59.22028591424871,84.79779450360434,False,dwarf
151.82445,16.134860000000003,,,simbad,,,,,,,,,22.27513474784518,21.259506552693598,30.792015960288825,False,dwarf
151.81582241325,15.895400779740003,,,simbad,,,,,,,,,18.94733115641286,-74.86558525659898,77.22601384095817,False,dwarf
151.8724654048,15.781484492839999,,,simbad,,,,,,,,,40.79547434769995,-120.59451365178508,127.30792375246885,False,dwarf
151.83313696813,15.925015322030001,,,simbad,,,,,,,,,25.625842724387795,-62.97754605967304,67.99158126586921,False,dwarf
151.75576666666666,16.13191388888889,,,simbad,,,,,,,,,-4.217168367840626,20.076861755267352,20.514991761705204,False,dwarf
151.8406978788,15.906816292460004,,,simbad,,,,,,,,,28.542211624666933,-70.28310475295108,75.85758141505413,False,dwarf
151.63744166666666,15.983880555555555,,,simbad,,,,,,,,,-49.85708731220506,-39.34752684021886,63.51343970923463,False,dwarf
151.58327916666667,16.011711111111115,,,simbad,,,,,,,,,-70.7484636893418,-28.175625816832973,76.15255087370548,False,dwarf
151.72732083333332,16.107297222222225,,,simbad,,,,,,,,,-15.18919902609466,10.195098418684601,18.293490613356987,False,dwarf
151.82551254795,16.14360293073,,,simbad,,,,,,,,,22.684977150657996,24.76914388547513,33.58747798131389,False,dwarf
151.63895,16.057608333333334,,,simbad,,,,,,,,,-49.27529807853092,-9.751299974997407,50.230895392481884,False,dwarf
151.850125,15.93864166666667,,,simbad,,,,,,,,,32.17840894092787,-57.50758074448192,65.89819303328957,False,dwarf
151.49889770118835,15.876524416618613,,,simbad,,,,,,,,,-103.29579726075497,-82.44304306381595,132.16231339287765,False,dwarf
151.92825126266,16.27460774638,,,simbad,,,,,,,,,62.31300683004459,77.35784737387091,99.33351584697026,False,dwarf
151.54421748108,15.975219049369997,,,simbad,,,,,,,,,-85.81520498666087,-42.824478265975245,95.90717046006316,False,dwarf
151.76135833333336,15.831352777777779,,,simbad,,,,,,,,,-2.0603696065300685,-100.57610106858506,100.5972028889161,False,dwarf
151.78218209171,16.092643591049995,,,simbad,,,,,,,,,5.971700069602491,4.312753858134233,7.366209850536578,False,dwarf
151.63152194415,16.20478918076,,,simbad,,,,,,,,,-52.140422666816264,49.33087884482967,71.77854333627502,False,dwarf
151.84311688518,16.00560289925,,,simbad,,,,,,,,,29.475262586919293,-30.627619209707134,42.50696605290321,False,dwarf
151.49591507504,15.912662023250006,,,simbad,,,,,,,,,-104.44624573446957,-67.93647801512437,124.59688315975114,False,dwarf
151.93480543365,16.0105559529,,,simbad,,,,,,,,,64.84105950471779,-28.639336042637964,70.88423355484275,False,dwarf
151.71900590472,15.942339735929998,,,simbad,,,,,,,,,-18.39640517813426,-56.02308059840871,58.96620458545627,False,dwarf
151.83554922085,16.05447862339,,,simbad,,,,,,,,,26.55628868775408,-11.007646067299703,28.7472562309914,False,dwarf
151.66121725876,16.00941455901,,,simbad,,,,,,,,,-40.686446315006016,-29.097520915817967,50.020522160312666,False,dwarf
151.57502907065,16.205815789509998,,,simbad,,,,,,,,,-73.93066283139139,49.742986009627174,89.10728120553809,False,dwarf
151.52805399078,16.280170365469996,,,simbad,,,,,,,,,-92.04973181658022,79.59082579142957,121.6875206324216,False,dwarf
151.96925098259,16.249942618069998,,,simbad,,,,,,,,,78.12728018179766,67.45663028683296,103.21951791332675,False,dwarf
151.8731625,15.940108333333338,,,simbad,,,,,,,,,41.06435555137769,-56.9188230101425,70.18570872841487,False,dwarf
151.68903029234,16.110761219999997,,,simbad,,,,,,,,,-29.95849703810697,11.585636248274467,32.12068666855669,False,dwarf
151.78714583333334,16.079336111111107,,,simbad,,,,,,,,,7.886297706191084,-1.0292109636299007,7.953173374089788,False,dwarf
151.66203358963,15.909093608319997,,,simbad,,,,,,,,,-40.37157393182843,-69.36893157606112,80.26152658489208,False,dwarf
151.7287010977,15.94946156544,,,simbad,,,,,,,,,-14.65680812124131,-53.16419500295866,55.14756254464471,False,dwarf
151.9696291666667,16.06993611111111,,,simbad,,,,,,,,,78.27315206521891,-4.802612806438955,78.42035082804371,False,dwarf
151.74958004007,15.857293845379996,,,simbad,,,,,,,,,-6.603453061781449,-90.16268912233937,90.40418188397463,False,dwarf
151.9055185686,16.12951246067,,,simbad,,,,,,,,,53.54462893622302,19.11286668435891,56.85357474083656,False,dwarf
151.79316224488,15.859450997239998,,,simbad,,,,,,,,,10.206927626537638,-89.29675286662031,89.87820338711516,False,dwarf
151.5969,15.98899722222222,,,simbad,,,,,,,,,-65.49468190790043,-37.293565198830706,75.36818535334719,False,dwarf
151.89345,16.251052777777772,,,simbad,,,,,,,,,48.88958145953655,67.9022769556768,83.67144310369038,False,dwarf
151.77918308839,16.19784980737,,,simbad,,,,,,,,,4.814934648605624,46.54523583017311,46.79361680995362,False,dwarf
151.64804139817,16.03919053409,,,simbad,,,,,,,,,-45.768594714325886,-17.14467844364992,48.87437223188011,False,dwarf
151.76490647056,16.23002681812,,,simbad,,,,,,,,,-0.6917941116852041,59.46191579402566,59.46593990671265,False,dwarf
151.5706125,16.09008055555556,,,simbad,,,,,,,,,-75.6342075301335,3.2838854689968833,75.70546382187214,False,dwarf
151.83528170004,16.03428162505,,,simbad,,,,,,,,,26.453101465410136,-19.115240828514846,32.63677387658598,False,dwarf
151.74586706905,15.73859331459,,,simbad,,,,,,,,,-8.035607690091162,-137.81213610379717,138.04620910564898,False,dwarf
151.755584678,16.033352743500004,,,simbad,,,,,,,,,-4.287364421038108,-19.488117780909143,19.954153159715162,False,dwarf
151.627648,16.043388,,,simbad,,,,,,,,,-53.63466730658606,-15.459707635145758,55.818277447914454,False,dwarf
151.70906745833332,15.870134527777777,,,simbad,,,,,,,,,-22.229829116619676,-85.00810884332327,87.86662547106499,False,dwarf
151.82901100909,15.942133624599997,,,simbad,,,,,,,,,24.034391753311976,-56.10581898909539,61.03699625136223,False,dwarf
151.7176,16.063672222222227,,,simbad,,,,,,,,,-18.938685993386326,-7.31709896351318,20.303048155337,False,dwarf
151.82654583333337,16.139097222222222,,,simbad,,,,,,,,,23.083532495195566,22.960436567770024,32.55811910782533,False,dwarf
151.92709166666668,16.001883333333332,,,simbad,,,,,,,,,61.86573138407947,-32.12074866549602,69.70732540069974,False,dwarf
151.74073409196,16.12664818668,,,simbad,,,,,,,,,-10.015482258701445,17.96307341284964,20.56652355916743,False,dwarf
151.8591223348,16.06508888781,,,simbad,,,,,,,,,35.64883050008474,-6.748412948666848,36.28195410048233,False,dwarf
151.76790527768,15.944622938870001,,,simbad,,,,,,,,,0.4648956317026679,-55.1065441961408,55.10850516199469,False,dwarf
151.84840547965,16.24087039747,,,simbad,,,,,,,,,31.515161365208506,63.81480752827723,71.1725723558324,False,dwarf
151.975814,16.32058,,,simbad,,,,,,,,,80.65874506769592,95.81229274918063,125.24307804326054,False,dwarf
151.79280416666668,16.21066666666667,,,simbad,,,,,,,,,10.068810908756156,51.69025290348122,52.66178119226633,False,dwarf
151.82235182307,16.06545924286,,,simbad,,,,,,,,,21.465833036317377,-6.5997429031171,22.457484149617006,False,dwarf
151.90791666666667,15.862777777777778,,,simbad,,,,,,,,,54.46961521455344,-87.96129756748311,103.46075995940114,False,dwarf
151.91597076358,16.37530646366,,,simbad,,,,,,,,,57.57621424513979,117.78090326250113,131.1005782601011,False,dwarf
151.84732083333336,16.077408333333338,,,simbad,,,,,,,,,31.096795255124363,-1.8030705614127118,31.149024681176748,False,dwarf
151.80017500000002,16.131961111111114,,,simbad,,,,,,,,,12.911863821382095,20.09581797019949,23.88635860137138,False,dwarf
151.87805271053,16.18214957124,,,simbad,,,,,,,,,42.950591023255086,40.242757112563424,58.857733300456744,False,dwarf
151.89881504556,15.91007829364,,,simbad,,,,,,,,,50.95896869378011,-68.973653554669,85.75652380439149,False,dwarf
151.90382083333333,15.883716666666665,,,simbad,,,,,,,,,52.889784229184876,-79.55588885261544,95.53255323155263,False,dwarf
151.97333828038,16.00933336342,,,simbad,,,,,,,,,79.70381886624172,-29.130114914640682,84.86025180732638,False,dwarf
151.88119784833,15.770423347459996,,,simbad,,,,,,,,,44.16372294178913,-125.03474198800934,132.60513235952513,False,dwarf
151.79196786497,16.10665905064,,,simbad,,,,,,,,,9.746235445841377,9.938919926727962,13.920173658244535,False,dwarf
152.09732916666667,15.987527777777778,,,simbad,,,,,,,,,127.52916431280158,-37.88343800463612,133.03699720518594,False,dwarf
151.97873211224,16.1525856608,,,simbad,,,,,,,,,81.78430945479283,28.375042842881058,86.56683157730016,False,dwarf
152.09416666666664,15.984999999999998,,,simbad,,,,,,,,,126.30933550517287,-38.89815303919914,132.16321177097385,False,dwarf
151.65974166666666,16.19663611111111,,,simbad,,,,,,,,,-41.255606708286045,46.05802692592648,61.83338037967959,False,dwarf
151.65385096133,15.890360027429999,,,simbad,,,,,,,,,-43.52774965432645,-76.88907292210168,88.35493492041056,False,dwarf
151.67541666666665,15.985555555555555,,,simbad,,,,,,,,,-35.20949870530412,-38.67513874588763,52.301770104772466,False,dwarf
151.61513305294,16.245327270190003,,,simbad,,,,,,,,,-58.46189037365697,65.6039109043235,87.87300923494028,False,dwarf
151.65290673363,16.1503360797,,,simbad,,,,,,,,,-43.89195397034553,27.472003112211986,51.78044590704406,False,dwarf
151.6859030224,15.783878531369995,,,simbad,,,,,,,,,-31.164737026099413,-119.6334849921199,123.62609581017152,False,dwarf
151.53648444284,16.2145278998,,,simbad,,,,,,,,,-88.79796635127126,53.2402512248471,103.53551650813519,False,dwarf
151.6155384555,15.90240218978,,,simbad,,,,,,,,,-58.30551986887361,-72.0550391345563,92.69014139519939,False,dwarf
151.58929403836,15.874503484259998,,,simbad,,,,,,,,,-68.42842771600785,-83.25429730702783,107.76700673105796,False,dwarf
151.55937773252,16.07353377595,,,simbad,,,,,,,,,-79.96764405788386,-3.3584175795367543,80.03813506577318,False,dwarf
151.67815,15.95258611111111,,,simbad,,,,,,,,,-34.15520661333906,-51.90992198239347,62.13870081533776,False,dwarf
151.58123483044,16.03309628999,,,simbad,,,,,,,,,-71.53699814680692,-19.59106481784989,74.17109898439858,False,dwarf
151.61558165979,16.282890226460005,,,simbad,,,,,,,,,-58.28885525620957,80.68264796928976,99.5353220239714,False,dwarf
151.89433442002,15.964419467179999,,,simbad,,,,,,,,,49.230716959431774,-47.159708408244796,68.17405363839207,False,dwarf
151.82507083333334,16.194436111111113,,,simbad,,,,,,,,,22.514600482143777,45.17489032441863,50.47452774116664,False,dwarf
152.11789475581,16.15355635059,,,simbad,,,,,,,,,135.4616538251247,28.764702698453938,138.4820124722643,False,dwarf
151.9088125,15.891455555555556,,,simbad,,,,,,,,,54.81515301908703,-76.44929974680126,94.0701675999474,False,dwarf
151.89570901955,15.908765631320001,,,simbad,,,,,,,,,49.76092284264243,-69.50058998203829,85.4779588549166,False,dwarf
151.8862909676,16.19929934563,,,simbad,,,,,,,,,46.12822368682777,47.127117781395945,65.94526708478467,False,dwarf
151.79109583333334,15.985458333333336,,,simbad,,,,,,,,,9.409878351279218,-38.71416624721663,39.84134132785944,False,dwarf
151.81503333333333,15.971713888888893,,,simbad,,,,,,,,,18.642969918826918,-44.231539863715085,47.99989006351683,False,dwarf
151.87940833333334,16.072086111111116,,,simbad,,,,,,,,,43.4734772676092,-3.9395474913266892,43.651612343345946,False,dwarf
151.88749528823,15.97630088985,,,simbad,,,,,,,,,46.592750168441334,-42.390199663755126,62.99058180229657,False,dwarf
151.93239583333335,15.82579722222222,,,simbad,,,,,,,,,63.91163661741308,-102.80624400168992,121.05296816208705,False,dwarf
151.92494477745,15.915639341910005,,,simbad,,,,,,,,,61.03764053402808,-66.74130570466919,90.44332727805482,False,dwarf
151.9243874248,15.842242474379999,,,simbad,,,,,,,,,60.8226603542663,-96.2046966827893,113.81888980480318,False,dwarf
151.86465759079,15.756081249679998,,,simbad,,,,,,,,,37.78387072590298,-130.79202902979998,136.140279655816,False,dwarf
152.105537,16.135841999999997,,,simbad,,,,,,,,,130.69506203552984,21.65370661754623,132.47672343000397,False,dwarf
152.09109583333333,15.986316666666667,,,simbad,,,,,,,,,125.12486405430225,-38.369609164052854,130.87573691104777,False,dwarf
152.09378139921,16.08728917829,,,simbad,,,,,,,,,126.16073144438693,2.163354818161878,126.17927826173354,False,dwarf
151.919903,16.359926,,,simbad,,,,,,,,,59.09294318221793,111.60678944144497,126.28559452037223,False,dwarf
151.91799446366,15.97054425674,,,simbad,,,,,,,,,58.35678899788464,-44.701060300527786,73.50986065920036,False,dwarf
151.72715833333334,16.22473333333333,,,simbad,,,,,,,,,-15.251877976681367,57.33697481009775,59.330839048418675,False,dwarf
151.76924536559,16.136841604109996,,,simbad,,,,,,,,,0.981789809525331,22.054973425072788,22.076815078510638,False,dwarf
151.57146666666665,15.898844444444446,,,simbad,,,,,,,,,-75.30474125139993,-73.48320964577276,105.21685299791514,False,dwarf
151.73919583333333,15.968341666666666,,,simbad,,,,,,,,,-10.608814175346316,-45.58523662411063,46.80342654425193,False,dwarf
151.84327793789,15.755328887339997,,,simbad,,,,,,,,,29.537383293706807,-131.0940466298233,134.3804527214492,False,dwarf
151.73980554444,16.293060516449998,,,simbad,,,,,,,,,-10.373638468706256,84.76526403207384,85.39767187404242,False,dwarf
151.92997916666667,16.098238888888886,,,simbad,,,,,,,,,62.97948812146339,6.558850366256863,63.32009508969878,False,dwarf
151.93181405969,15.966115254879998,,,simbad,,,,,,,,,63.68723685466338,-46.478975596309205,78.84389203143323,False,dwarf
151.97728807361,16.066251602849995,,,simbad,,,,,,,,,81.22731975670563,-6.281669217327702,81.46985235664799,False,dwarf
151.65189171121,15.926119369029998,,,simbad,,,,,,,,,-44.28346498640852,-62.534353188998914,76.62617437905227,False,dwarf
151.74370136004,16.34601282531,,,simbad,,,,,,,,,-8.870957647187522,106.02168316329464,106.39215756039647,False,dwarf
151.72632540351,16.27074262035,,,simbad,,,,,,,,,-15.57315285201154,75.80628634362586,77.38938001408147,False,dwarf
151.93005833333333,15.933177777777779,,,simbad,,,,,,,,,63.01002402046968,-59.70092631919105,86.8012887601886,False,dwarf
151.90216618857,16.005774567730004,,,simbad,,,,,,,,,52.2515602454151,-30.5587070651544,60.53148045087086,False,dwarf
152.09405416666664,15.981116666666665,,,simbad,,,,,,,,,126.26594238553442,-40.45702294943876,132.58906030453082,False,dwarf
151.91644583333334,15.944786111111114,,,simbad,,,,,,,,,57.75945654419617,-55.04104266046978,79.78515649813905,False,dwarf
151.88237113353,15.83391346599,,,simbad,,,,,,,,,44.616278542263565,-99.54817493891888,109.08919031980412,False,dwarf
151.78776666666667,16.076825000000003,,,simbad,,,,,,,,,8.12576344048968,-2.037235569389284,8.377252548179717,False,dwarf
151.64718330192,15.771283992479997,,,simbad,,,,,,,,,-46.09957669866309,-124.68925693434136,132.93826298938208,False,dwarf
151.7160431621,16.25938200823,,,simbad,,,,,,,,,-19.53918424452173,71.24584435329795,73.87658667369334,False,dwarf
151.66162500000002,16.172822222222226,,,simbad,,,,,,,,,-40.52917374247062,36.49851924317865,54.541322235457876,False,dwarf
151.78166029286,15.9072986523,,,simbad,,,,,,,,,5.770433581369228,-70.08947310304248,70.3266104940307,False,dwarf
151.6851625,16.1199,,,simbad,,,,,,,,,-31.450368822528514,15.254177662430257,34.95447947302405,False,dwarf
151.88195416666667,15.936408333333329,,,simbad,,,,,,,,,44.45544749350361,-58.404098203593215,73.39840256315267,False,dwarf
151.59713444422,15.91801776927,,,simbad,,,,,,,,,-65.40425287602913,-65.78654377028626,92.7662957949241,False,dwarf
151.7571107906,16.135709968539995,,,simbad,,,,,,,,,-3.6987174287431883,21.600705792601428,21.915086158995894,False,dwarf
151.78488333333334,15.946188888888887,,,simbad,,,,,,,,,7.0136138556798775,-54.47793156986231,54.92755053201613,False,dwarf
151.83334829766,16.02716536997,,,simbad,,,,,,,,,25.7073560362016,-21.971888704343744,33.817629242868264,False,dwarf
151.80323591378,15.921269983690003,,,simbad,,,,,,,,,14.09250913567094,-64.48102122925859,66.0030371460819,False,dwarf
151.57226666666665,15.935163888888885,,,simbad,,,,,,,,,-74.99616795619853,-58.903650220608284,95.36280835538615,False,dwarf
151.88529583333334,16.083480555555553,,,simbad,,,,,,,,,45.74438386203512,0.6344756644669491,45.74878374652183,False,dwarf
151.91400869645,16.30543366045,,,simbad,,,,,,,,,56.819412345483165,89.73216236941195,106.20878769092769,False,dwarf
152.13828965335,16.13571866466,,,simbad,,,,,,,,,143.32830474930765,21.60419663890567,144.94738443560445,False,dwarf
151.9572747068525,15.797289720535556,,,simbad,,,,,,,,,73.50783159599564,-114.24988861854274,135.854474918181,False,dwarf
151.62870416666667,16.25334722222222,,,simbad,,,,,,,,,-53.22728627080862,68.82332598705021,87.00456426920597,False,dwarf
151.80071906763,16.179457415770003,,,simbad,,,,,,,,,13.121719748130756,39.16205664324218,41.30189111502031,False,dwarf
151.92770000000002,15.982152777777781,,,simbad,,,,,,,,,62.10037566064591,-40.041101292412954,73.89009710308018,False,dwarf
151.70679583333333,16.052308333333336,,,simbad,,,,,,,,,-23.106032631272413,-11.878856333177035,25.980684589550094,False,dwarf
151.93144583333333,16.163111111111114,,,simbad,,,,,,,,,63.545205829337505,32.60022939611296,71.41966214266249,False,dwarf
151.73453750000002,16.183458333333334,,,simbad,,,,,,,,,-12.405610758897387,40.76812788860479,42.61384082481778,False,dwarf
151.86988099653,16.216497515479997,,,simbad,,,,,,,,,39.798625127651,54.03090563298879,67.10640301470667,False,dwarf
151.91923333333335,16.179763888888893,,,simbad,,,,,,,,,58.8346416196934,39.28508283809246,70.74484283757754,False,dwarf
151.70956605543,16.11916056915,,,simbad,,,,,,,,,-22.03751193023813,14.95735109519386,26.634081246783882,False,dwarf
151.8781003475429,16.11419858611639,,,simbad,,,,,,,,,42.96896541081001,12.965483443808324,44.88246594614711,False,dwarf
151.83964668600873,16.37106721030139,,,simbad,,,,,,,,,28.13674909529279,116.07915789702017,119.44056073098785,False,dwarf
151.75063333333333,15.847994444444446,,,simbad,,,,,,,,,-6.197180345419668,-93.89570791247209,94.09999473229492,False,dwarf
151.76000385721,16.25241104027,,,simbad,,,,,,,,,-2.5828135573572464,68.4475184653785,68.49623135574977,False,dwarf
151.64306831623,16.20966353402,,,simbad,,,,,,,,,-47.68679506627858,51.287569650553586,70.03174440461723,False,dwarf
151.79125833333333,16.208327777777775,,,simbad,,,,,,,,,9.472557301865926,50.751362728642945,51.627804143227145,False,dwarf
151.79060834661,15.886773468639998,,,simbad,,,,,,,,,9.221846620534992,-78.32880989524466,78.86979722744347,False,dwarf
151.58590720879,16.069873995950005,,,simbad,,,,,,,,,-69.73478416691604,-4.827547430203804,69.90168336311531,False,dwarf
151.71880760425168,15.909452980636114,,,simbad,,,,,,,,,-18.472892964321993,-69.22467028245572,71.64707077184667,False,dwarf
151.78187244703,16.04535590009,,,simbad,,,,,,,,,5.85226497053356,-14.669741908967138,15.79399673803439,False,dwarf
151.83155054729,16.25623642277,,,simbad,,,,,,,,,25.013933841659796,69.98312542016194,74.3191410728693,False,dwarf
151.85032916666665,16.07498611111111,,,simbad,,,,,,,,,32.257159417304784,-2.77541288024874,32.37633781528209,False,dwarf
151.6614375,16.103800000000007,,,simbad,,,,,,,,,-40.601495608541256,8.791223442297547,41.54235254848715,False,dwarf
151.65911666666668,15.997547222222218,,,simbad,,,,,,,,,-41.49667959515875,-33.86137522478489,53.55900624112569,False,dwarf
151.76359117466,16.042904247420005,,,simbad,,,,,,,,,-1.1991255992262413,-15.653898366723041,15.699759115298999,False,dwarf
151.78539166666667,16.097891666666666,,,simbad,,,,,,,,,7.209686470340012,6.419466432938448,9.65345162541499,False,dwarf
151.68630833333333,15.968441666666667,,,simbad,,,,,,,,,-31.008401863243883,-45.54509405131435,55.09878926306364,False,dwarf
151.7497875,16.069097222222226,,,simbad,,,,,,,,,-6.523432319005003,-5.139364389336931,8.304711647433857,False,dwarf
151.81431587044,16.12645191694,,,simbad,,,,,,,,,18.366232557345086,17.884285689593383,25.63525254366489,False,dwarf
151.90825833333335,15.916224999999999,,,simbad,,,,,,,,,54.60140172605276,-66.5062074795581,86.04875771191486,False,dwarf
151.755825,16.077933333333334,,,simbad,,,,,,,,,-4.194668231734339,-1.592322054236095,4.486728329053136,False,dwarf
151.61722848942,16.13504647284,,,simbad,,,,,,,,,-57.65364569924059,21.334361548233648,61.47436738254663,False,dwarf
151.78905776985,15.93318435498,,,simbad,,,,,,,,,8.623763395151608,-59.698286061001525,60.31794636521311,False,dwarf
151.96668598841,15.939735546830002,,,simbad,,,,,,,,,77.13791929891453,-57.068469103617126,95.95347184753844,False,dwarf
151.77569166666666,15.994191666666666,,,simbad,,,,,,,,,3.4682352659385383,-35.208381556378065,35.378790082186285,False,dwarf
151.817,15.9895277777778,,,simbad,,,,,,,,,19.401545936222757,-37.08058654870933,41.849610314932264,False,dwarf
151.64083333333332,15.77611111111111,,,simbad,,,,,,,,,-48.54886511273512,-122.75152732390465,132.00352178667757,False,dwarf
151.779878,15.984067,,,simbad,,,,,,,,,5.082973605323243,-39.272683243384456,39.6002559310874,False,dwarf
151.8753708333333,15.888283333333328,,,simbad,,,,,,,,,41.916146418346905,-77.72271136160552,88.30505756729758,False,dwarf
151.94173012375,15.923385029740002,,,simbad,,,,,,,,,67.51202755777719,-63.63198732897152,92.77339961646581,False,dwarf
152.0787157314,15.96394108685,,,simbad,,,,,,,,,120.3496529935747,-47.35174258045666,129.329913403975,False,dwarf
151.68943235639,16.184918346089997,,,simbad,,,,,,,,,-29.803414252116745,41.354214572277726,50.97464628590632,False,dwarf
151.6579375,15.960425,,,simbad,,,,,,,,,-41.95150377507555,-48.76319030378301,64.32555788792769,False,dwarf
151.86825416666665,16.128097222222223,,,simbad,,,,,,,,,39.17112981305595,18.544753560224393,43.33918891073915,False,dwarf
151.77766023741,15.922634981180002,,,simbad,,,,,,,,,4.2275457173486855,-63.93307611817423,64.07269593769668,False,dwarf
151.79842083333332,16.111616666666666,,,simbad,,,,,,,,,12.23525258552121,11.929034549172378,17.088103203891638,False,dwarf
152.04263692509,16.19223669213,,,simbad,,,,,,,,,106.43345780576686,44.29198695883846,115.2816596395709,False,dwarf
151.56319033345,15.932411485760003,,,simbad,,,,,,,,,-78.49706051753303,-60.00853565025549,98.80694743175313,False,dwarf
151.78215,15.967036111111106,,,simbad,,,,,,,,,5.959321763714813,-46.10932021339165,46.4928266125493,False,dwarf
151.65745644118,16.03957838841,,,simbad,,,,,,,,,-42.13705615668128,-16.988983740901077,45.43299538991363,False,dwarf
151.90750269861,16.02277484449,,,simbad,,,,,,,,,54.30994085535262,-23.734358591272596,59.26963348504034,False,dwarf
151.746225,16.07694722222222,,,simbad,,,,,,,,,-7.897547774219691,-1.9881724248637656,8.143960365637291,False,dwarf
151.6730083333333,16.12203611111111,,,simbad,,,,,,,,,-36.13843289608595,16.111667620208713,39.56731183298897,False,dwarf
151.57609583333334,15.894522222222223,,,simbad,,,,,,,,,-73.5191947358971,-75.21826084772782,105.18012530688287,False,dwarf
151.77069078428,15.984397534430002,,,simbad,,,,,,,,,1.5393118196912927,-39.13999821920494,39.170255826042386,False,dwarf
151.75120416666667,16.281466666666667,,,simbad,,,,,,,,,-5.9770004420693175,80.11119444295711,80.333853445243,False,dwarf
151.80401159738,15.959697375289998,,,simbad,,,,,,,,,14.391703191289468,-49.055277582676304,51.122806842539426,False,dwarf
151.65108902661,16.02832835221,,,simbad,,,,,,,,,-44.59307377644589,-21.505037712048093,49.507664818976835,False,dwarf
151.72747916666668,16.297058333333336,,,simbad,,,,,,,,,-15.128127228072248,86.37009058471301,87.68496325505458,False,dwarf
151.7269,16.024055555555552,,,simbad,,,,,,,,,-15.351521436590456,-23.22024821947982,27.83611211703876,False,dwarf
151.61056164693,16.04453615331,,,simbad,,,,,,,,,-60.225157643957075,-14.998809356871867,62.06475566183491,False,dwarf
151.7824747082,16.122655181710005,,,simbad,,,,,,,,,6.084567112782949,16.360178486026612,17.455010657247044,False,dwarf
151.69087083333332,16.17206666666667,,,simbad,,,,,,,,,-29.248569789015196,36.195219804275865,46.53571500882668,False,dwarf
151.77302740644,16.09085064253,,,simbad,,,,,,,,,2.4405858191528487,3.593018193303321,4.343528390382483,False,dwarf
151.86249166666664,16.26277222222222,,,simbad,,,,,,,,,36.94843779601045,72.60676347306088,81.4673502551707,False,dwarf
151.68699961795,16.19916016588,,,simbad,,,,,,,,,-30.741761898134968,47.071247448935814,56.220621314608124,False,dwarf
151.80702083333333,16.079113888888887,,,simbad,,,,,,,,,15.552415509012189,-1.1184166809529716,15.592577850926277,False,dwarf
151.62573930327,16.18858952087,,,simbad,,,,,,,,,-54.37088335599952,42.827918580803924,69.21288584415242,False,dwarf
151.83678701517,15.990569658099998,,,simbad,,,,,,,,,27.033726527885097,-36.66234898192522,45.55162129778645,False,dwarf
151.61141750823,15.97170232698,,,simbad,,,,,,,,,-59.89503771697731,-44.23618111140926,74.45975599234485,False,dwarf
151.632938,16.349983,,,simbad,,,,,,,,,-51.59422639202211,107.61541342835173,119.3442139542018,False,dwarf
