rho_s,r_s,MBH,chi2,reward,status,proposal_id
60.0,2500.0,850000.0,,,todo,
60.29080710712952,3043.3737237397495,853821.2142105869,13.918678203881555,-13.918678203881555,pass_full,1.0
60.29080710712952,3043.3737237397495,0.0,13.915265836985792,-13.915265836985792,pass_no_bh,1.0
0.0,3043.3737237397495,853821.2142105869,1365.2202933729295,-1365.2202933729295,pass_no_halo,1.0
60.29080710712952,3043.3737237397495,85382.12142105869,13.91499421184816,-13.91499421184816,pass_bh_small,1.0
6.029080710712952,3043.3737237397495,853821.2142105869,12.871158938803271,-12.871158938803271,pass_halo_small,1.0
75.65294270578474,1879.3956099792968,951077.4435488444,13.721104622664473,-13.721104622664473,pass_full,2.0
75.65294270578474,1879.3956099792968,0.0,13.716959576272147,-13.716959576272147,pass_no_bh,2.0
0.0,1879.3956099792968,951077.4435488444,1364.9065817594487,-1364.9065817594487,pass_no_halo,2.0
75.65294270578474,1879.3956099792968,95107.74435488445,13.71813050141359,-13.71813050141359,pass_bh_small,2.0
7.565294270578474,1879.3956099792968,951077.4435488444,30.09336431284416,-30.09336431284416,pass_halo_small,2.0
90.12973061361122,1450.5761466398412,918218.5753395706,13.6312758390387,-13.6312758390387,pass_full,3.0
90.12973061361122,1450.5761466398412,0.0,13.632250375499867,-13.632250375499867,pass_no_bh,3.0
0.0,1450.5761466398412,918218.5753395706,1365.0105320014648,-1365.0105320014648,pass_no_halo,3.0
90.12973061361122,1450.5761466398412,91821.85753395707,13.63233425842562,-13.63233425842562,pass_bh_small,3.0
9.012973061361121,1450.5761466398412,918218.5753395706,133.36017031220558,-133.36017031220558,pass_halo_small,3.0
69.69283848013909,3839.234110543683,949490.0800267218,14.049909560861154,-14.049909560861154,pass_full,4.0
69.69283848013909,3839.234110543683,0.0,14.04494411137853,-14.04494411137853,pass_no_bh,4.0
0.0,3839.234110543683,949490.0800267218,1364.9116364245024,-1364.9116364245024,pass_no_halo,4.0
69.69283848013909,3839.234110543683,94949.00800267218,14.04580174160222,-14.04580174160222,pass_bh_small,4.0
6.969283848013909,3839.234110543683,949490.0800267218,14.195548166069093,-14.195548166069093,pass_halo_small,4.0
84.5765285710942,1211.2157960469353,651421.5628832462,13.472558034133788,-13.472558034133788,pass_full,5.0
84.5765285710942,1211.2157960469353,0.0,13.798688182552253,-13.798688182552253,pass_no_bh,5.0
0.0,1211.2157960469353,651421.5628832462,1365.9403682206673,-1365.9403682206673,pass_no_halo,5.0
84.5765285710942,1211.2157960469353,65142.15628832462,13.798468248448645,-13.798468248448645,pass_bh_small,5.0
8.457652857109421,1211.2157960469353,651421.5628832462,60.02921346340614,-60.02921346340614,pass_halo_small,5.0
34.61881731591207,851.471559928669,791416.6844236527,35.78563558674242,-35.78563558674242,pass_full,6.0
34.61881731591207,851.471559928669,0.0,54.61926661403076,-54.61926661403076,pass_no_bh,6.0
0.0,851.471559928669,791416.6844236527,1365.4314385527668,-1365.4314385527668,pass_no_halo,6.0
34.61881731591207,851.471559928669,79141.66844236528,54.61112825129591,-54.61112825129591,pass_bh_small,6.0
3.461881731591207,851.471559928669,791416.6844236527,19.02203004758058,-19.02203004758058,pass_halo_small,6.0
30.748925558854832,4129.627295662693,894868.8102612465,13.64066980264818,-13.64066980264818,pass_full,7.0
30.748925558854832,4129.627295662693,0.0,13.638718893343837,-13.638718893343837,pass_no_bh,7.0
0.0,4129.627295662693,894868.8102612465,1365.0857461903943,-1365.0857461903943,pass_no_halo,7.0
30.748925558854832,4129.627295662693,89486.88102612465,13.639123851586433,-13.639123851586433,pass_bh_small,7.0
3.0748925558854836,4129.627295662693,894868.8102612465,30.525756342562516,-30.525756342562516,pass_halo_small,7.0
91.45147566380541,2124.5446736623217,812662.1770143597,13.982679784961315,-13.982679784961315,pass_full,8.0
91.45147566380541,2124.5446736623217,0.0,13.983412939484364,-13.983412939484364,pass_no_bh,8.0
0.0,2124.5446736623217,812662.1770143597,1365.3586734500532,-1365.3586734500532,pass_no_halo,8.0
91.45147566380541,2124.5446736623217,81266.21770143598,13.98394160486886,-13.98394160486886,pass_bh_small,8.0
9.145147566380542,2124.5446736623217,812662.1770143597,103.31008621330639,-103.31008621330639,pass_halo_small,8.0
98.32198131259959,3076.673755574968,746917.8447771722,14.293423163283595,-14.293423163283595,pass_full,9.0
98.32198131259959,3076.673755574968,0.0,14.29235423231943,-14.29235423231943,pass_no_bh,9.0
0.0,3076.673755574968,746917.8447771722,1365.5877159118165,-1365.5877159118165,pass_no_halo,9.0
98.32198131259959,3076.673755574968,74691.78447771723,14.292059759363811,-14.292059759363811,pass_bh_small,9.0
9.83219813125996,3076.673755574968,746917.8447771722,45.27590765293108,-45.27590765293108,pass_halo_small,9.0
36.44054297982933,3173.6543029085437,703334.7519656814,13.609111230228423,-13.609111230228423,pass_full,10.0
36.44054297982933,3173.6543029085437,0.0,13.607954868927322,-13.607954868927322,pass_no_bh,10.0
0.0,3173.6543029085437,703334.7519656814,1365.7454194897716,-1365.7454194897716,pass_no_halo,10.0
36.44054297982933,3173.6543029085437,70333.47519656815,13.607906178901837,-13.607906178901837,pass_bh_small,10.0
3.644054297982933,3173.6543029085437,703334.7519656814,286.73051605865066,-286.73051605865066,pass_halo_small,10.0
89.48197751011305,2817.3937911267285,763330.347203904,13.871605287861396,-13.871605287861396,pass_full,11.0
89.48197751011305,2817.3937911267285,0.0,13.871685252846717,-13.871685252846717,pass_no_bh,11.0
0.0,2817.3937911267285,763330.347203904,1365.5295760049496,-1365.5295760049496,pass_no_halo,11.0
89.48197751011305,2817.3937911267285,76333.0347203904,13.872007077697035,-13.872007077697035,pass_bh_small,11.0
8.948197751011305,2817.3937911267285,763330.347203904,19.86185817338874,-19.86185817338874,pass_halo_small,11.0
90.83791639273208,4276.054276113816,1041988.1880606557,14.669141659033807,-14.669141659033807,pass_full,12.0
90.83791639273208,4276.054276113816,0.0,14.66823762348162,-14.66823762348162,pass_no_bh,12.0
0.0,4276.054276113816,1041988.1880606557,1364.6285511103001,-1364.6285511103001,pass_no_halo,12.0
90.83791639273208,4276.054276113816,104198.81880606558,14.66881825302513,-14.66881825302513,pass_bh_small,12.0
9.083791639273208,4276.054276113816,1041988.1880606557,31.390166446644464,-31.390166446644464,pass_halo_small,12.0
88.71480261182235,1612.7237427997513,831796.2692536355,13.721819408772955,-13.721819408772955,pass_full,13.0
88.71480261182235,1612.7237427997513,0.0,13.717593680298595,-13.717593680298595,pass_no_bh,13.0
0.0,1612.7237427997513,831796.2692536355,1365.2938396598304,-1365.2938396598304,pass_no_halo,13.0
88.71480261182235,1612.7237427997513,83179.62692536355,13.718359732095157,-13.718359732095157,pass_bh_small,13.0
8.871480261182235,1612.7237427997513,831796.2692536355,33.84464574130185,-33.84464574130185,pass_halo_small,13.0
83.44053643727759,3938.37195029519,1017983.8873929726,14.396236545991652,-14.396236545991652,pass_full,14.0
83.44053643727759,3938.37195029519,0.0,14.395900318968316,-14.395900318968316,pass_no_bh,14.0
0.0,3938.37195029519,1017983.8873929726,1364.7006777593776,-1364.7006777593776,pass_no_halo,14.0
83.44053643727759,3938.37195029519,101798.38873929727,14.395428815937006,-14.395428815937006,pass_bh_small,14.0
8.34405364372776,3938.37195029519,1017983.8873929726,39.988013765180284,-39.988013765180284,pass_halo_small,14.0
33.7399440253743,4991.403011428,891118.6081033522,13.851423740248507,-13.851423740248507,pass_full,15.0
33.7399440253743,4991.403011428,0.0,13.8520504701553,-13.8520504701553,pass_no_bh,15.0
0.0,4991.403011428,891118.6081033522,1365.0979194441418,-1365.0979194441418,pass_no_halo,15.0
33.7399440253743,4991.403011428,89111.86081033523,13.852474137314946,-13.852474137314946,pass_bh_small,15.0
3.37399440253743,4991.403011428,891118.6081033522,27.30383639947458,-27.30383639947458,pass_halo_small,15.0
18.01906887476408,3133.1885295505867,777857.0087699731,18.911049227574395,-18.911049227574395,pass_full,16.0
18.01906887476408,3133.1885295505867,0.0,18.91778771462481,-18.91778771462481,pass_no_bh,16.0
0.0,3133.1885295505867,777857.0087699731,1365.478682583381,-1365.478682583381,pass_no_halo,16.0
18.01906887476408,3133.1885295505867,77785.7008769973,18.915200371448655,-18.915200371448655,pass_bh_small,16.0
1.8019068874764081,3133.1885295505867,777857.0087699731,202.81895640198476,-202.81895640198476,pass_halo_small,16.0
57.67889308539488,3039.111211179325,915005.3559167364,13.863936738186036,-13.863936738186036,pass_full,17.0
57.67889308539488,3039.111211179325,0.0,13.861631031030816,-13.861631031030816,pass_no_bh,17.0
0.0,3039.111211179325,915005.3559167364,1365.020891324802,-1365.020891324802,pass_no_halo,17.0
57.67889308539488,3039.111211179325,91500.53559167364,13.86161336379272,-13.86161336379272,pass_bh_small,17.0
5.7678893085394884,3039.111211179325,915005.3559167364,44.09800557198529,-44.09800557198529,pass_halo_small,17.0
53.95343295758068,1261.4808083410715,941975.067007378,16.57547401387655,-16.57547401387655,pass_full,18.0
53.95343295758068,1261.4808083410715,0.0,16.57961547026296,-16.57961547026296,pass_no_bh,18.0
0.0,1261.4808083410715,941975.067007378,1364.9351408521918,-1364.9351408521918,pass_no_halo,18.0
53.95343295758068,1261.4808083410715,94197.50670073781,16.57981555464332,-16.57981555464332,pass_bh_small,18.0
5.395343295758068,1261.4808083410715,941975.067007378,39.25231487123869,-39.25231487123869,pass_halo_small,18.0
81.6573032725432,1393.4167717356718,985474.7767587248,13.64324640650211,-13.64324640650211,pass_full,19.0
81.6573032725432,1393.4167717356718,0.0,13.639117636688932,-13.639117636688932,pass_no_bh,19.0
0.0,1393.4167717356718,985474.7767587248,1364.7997175188336,-1364.7997175188336,pass_no_halo,19.0
81.6573032725432,1393.4167717356718,98547.47767587249,13.638758802189649,-13.638758802189649,pass_bh_small,19.0
8.165730327254321,1393.4167717356718,985474.7767587248,44.14017123629604,-44.14017123629604,pass_halo_small,19.0
49.231737238678036,2506.979369863924,798266.5244745112,13.620818969641473,-13.620818969641473,pass_full,20.0
49.231737238678036,2506.979369863924,0.0,13.619950817523979,-13.619950817523979,pass_no_bh,20.0
0.0,2506.979369863924,798266.5244745112,1365.4079765842241,-1365.4079765842241,pass_no_halo,20.0
49.231737238678036,2506.979369863924,79826.65244745112,13.619734531771488,-13.619734531771488,pass_bh_small,20.0
4.923173723867804,2506.979369863924,798266.5244745112,89.21152654639526,-89.21152654639526,pass_halo_small,20.0
92.94632751965015,2860.853340320863,1036395.3478450081,14.016602768176366,-14.016602768176366,pass_full,21.0
92.94632751965015,2860.853340320863,0.0,14.013994647601217,-14.013994647601217,pass_no_bh,21.0
0.0,2860.853340320863,1036395.3478450081,1364.6452417949051,-1364.6452417949051,pass_no_halo,21.0
92.94632751965015,2860.853340320863,103639.53478450082,14.01420578118659,-14.01420578118659,pass_bh_small,21.0
9.294632751965016,2860.853340320863,1036395.3478450081,11.983476510106179,-11.983476510106179,pass_halo_small,21.0
20.926282494751288,2320.6043363204863,668063.9855437899,12.063923202094637,-12.063923202094637,pass_full,22.0
20.926282494751288,2320.6043363204863,0.0,23.67143890931608,-23.67143890931608,pass_no_bh,22.0
0.0,2320.6043363204863,668063.9855437899,1365.8767919657043,-1365.8767919657043,pass_no_halo,22.0
20.926282494751288,2320.6043363204863,66806.39855437899,23.670416572019757,-23.670416572019757,pass_bh_small,22.0
2.092628249475129,2320.6043363204863,668063.9855437899,65.77953565562632,-65.77953565562632,pass_halo_small,22.0
43.53768613273388,2510.1452986638214,743242.850111196,13.5737746371469,-13.5737746371469,pass_full,23.0
43.53768613273388,2510.1452986638214,0.0,13.573441905606707,-13.573441905606707,pass_no_bh,23.0
0.0,2510.1452986638214,743242.850111196,1365.600800444689,-1365.600800444689,pass_no_halo,23.0
43.53768613273388,2510.1452986638214,74324.2850111196,13.573239321161033,-13.573239321161033,pass_bh_small,23.0
4.353768613273388,2510.1452986638214,743242.850111196,199.4382324983706,-199.4382324983706,pass_halo_small,23.0
32.31814841654162,4726.169240471143,880818.7307043092,13.81848076272004,-13.81848076272004,pass_full,24.0
32.31814841654162,4726.169240471143,0.0,13.815898616662729,-13.815898616662729,pass_no_bh,24.0
0.0,4726.169240471143,880818.7307043092,1365.1314453738935,-1365.1314453738935,pass_no_halo,24.0
32.31814841654162,4726.169240471143,88081.87307043093,13.816631741446397,-13.816631741446397,pass_bh_small,24.0
3.231814841654162,4726.169240471143,880818.7307043092,149.4588529829882,-149.4588529829882,pass_halo_small,24.0
68.05884578839363,4340.476829517671,720593.6914517041,14.252359796205289,-14.252359796205289,pass_full,25.0
68.05884578839363,4340.476829517671,0.0,14.249255913527875,-14.249255913527875,pass_no_bh,25.0
0.0,4340.476829517671,720593.6914517041,1365.6824034008944,-1365.6824034008944,pass_no_halo,25.0
68.05884578839363,4340.476829517671,72059.36914517042,14.24970114166148,-14.24970114166148,pass_bh_small,25.0
6.805884578839363,4340.476829517671,720593.6914517041,45.85771951118339,-45.85771951118339,pass_halo_small,25.0
87.31585803182833,2056.368260362612,983768.1964417065,13.876617844040595,-13.876617844040595,pass_full,26.0
87.31585803182833,2056.368260362612,0.0,13.87963725695931,-13.87963725695931,pass_no_bh,26.0
0.0,2056.368260362612,983768.1964417065,1364.8050185208697,-1364.8050185208697,pass_no_halo,26.0
87.31585803182833,2056.368260362612,98376.81964417065,13.879432255772954,-13.879432255772954,pass_bh_small,26.0
8.731585803182833,2056.368260362612,983768.1964417065,102.89408201188945,-102.89408201188945,pass_halo_small,26.0
96.40944915215486,1281.864901187665,696635.5123955182,13.623045260321087,-13.623045260321087,pass_full,27.0
96.40944915215486,1281.864901187665,0.0,13.619799889042973,-13.619799889042973,pass_no_bh,27.0
0.0,1281.864901187665,696635.5123955182,1365.7699879130867,-1365.7699879130867,pass_no_halo,27.0
96.40944915215486,1281.864901187665,69663.55123955183,13.62040738669055,-13.62040738669055,pass_bh_small,27.0
9.640944915215487,1281.864901187665,696635.5123955182,170.27609739171135,-170.27609739171135,pass_halo_small,27.0
18.888821697377775,3241.7779855758604,689210.9849613487,17.390074144000508,-17.390074144000508,pass_full,28.0
18.888821697377775,3241.7779855758604,0.0,17.395763103468223,-17.395763103468223,pass_no_bh,28.0
0.0,3241.7779855758604,689210.9849613487,1365.7976192297938,-1365.7976192297938,pass_no_halo,28.0
18.888821697377775,3241.7779855758604,68921.09849613487,17.398612293042802,-17.398612293042802,pass_bh_small,28.0
1.8888821697377776,3241.7779855758604,689210.9849613487,738.7371412258251,-738.7371412258251,pass_halo_small,28.0
33.12668656729888,1523.1837797051144,1039259.4503604553,23.65373957933563,-23.65373957933563,pass_full,29.0
33.12668656729888,1523.1837797051144,0.0,23.668862002855516,-23.668862002855516,pass_no_bh,29.0
0.0,1523.1837797051144,1039259.4503604553,1364.6365976912464,-1364.6365976912464,pass_no_halo,29.0
33.12668656729888,1523.1837797051144,103925.94503604554,23.66777431917106,-23.66777431917106,pass_bh_small,29.0
3.3126686567298886,1523.1837797051144,1039259.4503604553,31.166385302937833,-31.166385302937833,pass_halo_small,29.0
31.85009750105771,1547.1269163161337,758795.5761641295,24.33414834071923,-24.33414834071923,pass_full,30.0
31.85009750105771,1547.1269163161337,0.0,24.35984601132116,-24.35984601132116,pass_no_bh,30.0
0.0,1547.1269163161337,758795.5761641295,1365.545494588969,-1365.545494588969,pass_no_halo,30.0
31.85009750105771,1547.1269163161337,75879.55761641296,24.358699732159547,-24.358699732159547,pass_bh_small,30.0
3.1850097501057713,1547.1269163161337,758795.5761641295,58.29114354350817,-58.29114354350817,pass_halo_small,30.0
38.16828583419868,4182.257878861496,719330.6190234636,13.847087798118357,-13.847087798118357,pass_full,31.0
38.16828583419868,4182.257878861496,0.0,13.848452338517626,-13.848452338517626,pass_no_bh,31.0
0.0,4182.257878861496,719330.6190234636,1365.6869874560703,-1365.6869874560703,pass_no_halo,31.0
38.16828583419868,4182.257878861496,71933.06190234637,13.848163570180205,-13.848163570180205,pass_bh_small,31.0
3.816828583419868,4182.257878861496,719330.6190234636,13.842098014557518,-13.842098014557518,pass_halo_small,31.0
41.16463565012084,2755.3550170896187,972786.8670891175,13.616345565754452,-13.616345565754452,pass_full,32.0
41.16463565012084,2755.3550170896187,0.0,13.611603234149387,-13.611603234149387,pass_no_bh,32.0
0.0,2755.3550170896187,972786.8670891175,1364.8389682672755,-1364.8389682672755,pass_no_halo,32.0
41.16463565012084,2755.3550170896187,97278.68670891176,13.611527270767454,-13.611527270767454,pass_bh_small,32.0
4.116463565012085,2755.3550170896187,972786.8670891175,157.43245094449435,-157.43245094449435,pass_halo_small,32.0
